Sku,Action,Quantity,Location,Reason
654321,change,-2,Unassigned,Sante 6/8/26 - 6/14/26
11038,change,-8,Unassigned,Sante 6/8/26 - 6/14/26
2371245-1,change,-1,Unassigned,Sante 6/8/26 - 6/14/26
3805530,change,-2,Unassigned,Sante 6/8/26 - 6/14/26
1009831-1,change,-1,Unassigned,Sante 6/8/26 - 6/14/26
29421,change,-1,Unassigned,Sante 6/8/26 - 6/14/26
60162,change,-5,Unassigned,Sante 6/8/26 - 6/14/26
38989,change,-6,Unassigned,Sante 6/8/26 - 6/14/26
10125,change,-74,Unassigned,Sante 6/8/26 - 6/14/26
30332746,change,-6,Unassigned,Sante 6/8/26 - 6/14/26
00599,change,-15,Unassigned,Sante 6/8/26 - 6/14/26
01233,change,-26,Unassigned,Sante 6/8/26 - 6/14/26
60493,change,-7,Unassigned,Sante 6/8/26 - 6/14/26
699540,change,-7,Unassigned,Sante 6/8/26 - 6/14/26
05671,change,-9,Unassigned,Sante 6/8/26 - 6/14/26
164440,change,-1,Unassigned,Sante 6/8/26 - 6/14/26
10404,change,-1,Unassigned,Sante 6/8/26 - 6/14/26
1731979-2,change,-3,Unassigned,Sante 6/8/26 - 6/14/26
1001556-1,change,-1,Unassigned,Sante 6/8/26 - 6/14/26
00335,change,-7,Unassigned,Sante 6/8/26 - 6/14/26
1164830,change,-1,Unassigned,Sante 6/8/26 - 6/14/26
ITACPRO75NL,change,-13,Unassigned,Sante 6/8/26 - 6/14/26
60822,change,-1,Unassigned,Sante 6/8/26 - 6/14/26
1974528-4,change,-1,Unassigned,Sante 6/8/26 - 6/14/26
07201,change,-9,Unassigned,Sante 6/8/26 - 6/14/26
51416,change,-2,Unassigned,Sante 6/8/26 - 6/14/26
1695395-1,change,-1,Unassigned,Sante 6/8/26 - 6/14/26
12630,change,-1,Unassigned,Sante 6/8/26 - 6/14/26
12330,change,-2,Unassigned,Sante 6/8/26 - 6/14/26
1000938-1,change,-1,Unassigned,Sante 6/8/26 - 6/14/26
J08832,change,-2,Unassigned,Sante 6/8/26 - 6/14/26
1036165-1,change,-1,Unassigned,Sante 6/8/26 - 6/14/26
1000469-1,change,-4,Unassigned,Sante 6/8/26 - 6/14/26
24079,change,-11,Unassigned,Sante 6/8/26 - 6/14/26
1510057NV,change,-7,Unassigned,Sante 6/8/26 - 6/14/26
14341,change,-2,Unassigned,Sante 6/8/26 - 6/14/26
00666,change,-4,Unassigned,Sante 6/8/26 - 6/14/26
3950190,change,-76,Unassigned,Sante 6/8/26 - 6/14/26
03703,change,-4,Unassigned,Sante 6/8/26 - 6/14/26
3950991,change,-6,Unassigned,Sante 6/8/26 - 6/14/26
 NZTSB7525,change,-16,Unassigned,Sante 6/8/26 - 6/14/26
0268660,change,-3,Unassigned,Sante 6/8/26 - 6/14/26
4047420,change,-1,Unassigned,Sante 6/8/26 - 6/14/26
421740,change,-1,Unassigned,Sante 6/8/26 - 6/14/26
10153,change,-2,Unassigned,Sante 6/8/26 - 6/14/26
20822,change,-1,Unassigned,Sante 6/8/26 - 6/14/26
37703,change,-6,Unassigned,Sante 6/8/26 - 6/14/26
11011,change,-9,Unassigned,Sante 6/8/26 - 6/14/26
23404,change,-1,Unassigned,Sante 6/8/26 - 6/14/26
100122,change,-3,Unassigned,Sante 6/8/26 - 6/14/26
11053,change,-4,Unassigned,Sante 6/8/26 - 6/14/26
5019045,change,-1,Unassigned,Sante 6/8/26 - 6/14/26
194900,change,-78,Unassigned,Sante 6/8/26 - 6/14/26
00346,change,-21,Unassigned,Sante 6/8/26 - 6/14/26
XFBODGST7524,change,-5,Unassigned,Sante 6/8/26 - 6/14/26
1001200-1,change,-1,Unassigned,Sante 6/8/26 - 6/14/26
2363918-1,change,-1,Unassigned,Sante 6/8/26 - 6/14/26
1001088-1,change,-1,Unassigned,Sante 6/8/26 - 6/14/26
90510,change,-10,Unassigned,Sante 6/8/26 - 6/14/26
11025,change,-32,Unassigned,Sante 6/8/26 - 6/14/26
94829,change,-1,Unassigned,Sante 6/8/26 - 6/14/26
1001105-1,change,-2,Unassigned,Sante 6/8/26 - 6/14/26
00668,change,-2,Unassigned,Sante 6/8/26 - 6/14/26
3805090,change,-1,Unassigned,Sante 6/8/26 - 6/14/26
3861463,change,-1,Unassigned,Sante 6/8/26 - 6/14/26
1737615-1,change,-2,Unassigned,Sante 6/8/26 - 6/14/26
1,change,-1,Unassigned,Sante 6/8/26 - 6/14/26
0448972,change,-7,Unassigned,Sante 6/8/26 - 6/14/26
GOR20,change,-10,Unassigned,Sante 6/8/26 - 6/14/26
05666,change,-7,Unassigned,Sante 6/8/26 - 6/14/26
68900,change,-8,Unassigned,Sante 6/8/26 - 6/14/26
20894,change,-24,Unassigned,Sante 6/8/26 - 6/14/26
871145,change,-4,Unassigned,Sante 6/8/26 - 6/14/26
37707,change,-2,Unassigned,Sante 6/8/26 - 6/14/26
60519,change,-2,Unassigned,Sante 6/8/26 - 6/14/26
00669,change,-13,Unassigned,Sante 6/8/26 - 6/14/26
704060,change,-15,Unassigned,Sante 6/8/26 - 6/14/26
60498,change,-3,Unassigned,Sante 6/8/26 - 6/14/26
13580,change,-2,Unassigned,Sante 6/8/26 - 6/14/26
811-020-550,change,-1,Unassigned,Sante 6/8/26 - 6/14/26
811-029-550,change,-1,Unassigned,Sante 6/8/26 - 6/14/26
1039845-1,change,-7,Unassigned,Sante 6/8/26 - 6/14/26
100269,change,-1,Unassigned,Sante 6/8/26 - 6/14/26
38908,change,-3,Unassigned,Sante 6/8/26 - 6/14/26
06637,change,-10,Unassigned,Sante 6/8/26 - 6/14/26
60595,change,-6,Unassigned,Sante 6/8/26 - 6/14/26
3850062,change,-5,Unassigned,Sante 6/8/26 - 6/14/26
1000856-1,change,-1,Unassigned,Sante 6/8/26 - 6/14/26
01177,change,-4,Unassigned,Sante 6/8/26 - 6/14/26
35453,change,-3,Unassigned,Sante 6/8/26 - 6/14/26
653420,change,-4,Unassigned,Sante 6/8/26 - 6/14/26
23994,change,-2,Unassigned,Sante 6/8/26 - 6/14/26
4049141,change,-2,Unassigned,Sante 6/8/26 - 6/14/26
869141,change,-2,Unassigned,Sante 6/8/26 - 6/14/26
1771502-1,change,-3,Unassigned,Sante 6/8/26 - 6/14/26
60105,change,-2,Unassigned,Sante 6/8/26 - 6/14/26
8163044,change,-1,Unassigned,Sante 6/8/26 - 6/14/26
35404,change,-11,Unassigned,Sante 6/8/26 - 6/14/26
90583-1,change,-9,Unassigned,Sante 6/8/26 - 6/14/26
20155,change,-48,Unassigned,Sante 6/8/26 - 6/14/26
01230,change,-10,Unassigned,Sante 6/8/26 - 6/14/26
00661,change,-20,Unassigned,Sante 6/8/26 - 6/14/26
16175,change,-14,Unassigned,Sante 6/8/26 - 6/14/26
CDCS32,change,-20,Unassigned,Sante 6/8/26 - 6/14/26
94878,change,-1,Unassigned,Sante 6/8/26 - 6/14/26
1312139-1,change,-11,Unassigned,Sante 6/8/26 - 6/14/26
104348,change,-7,Unassigned,Sante 6/8/26 - 6/14/26
2309156-1,change,-1,Unassigned,Sante 6/8/26 - 6/14/26
144024,change,-1,Unassigned,Sante 6/8/26 - 6/14/26
1000738-1,change,-3,Unassigned,Sante 6/8/26 - 6/14/26
404310,change,-8,Unassigned,Sante 6/8/26 - 6/14/26
1000840-1,change,-1,Unassigned,Sante 6/8/26 - 6/14/26
0254071,change,-2,Unassigned,Sante 6/8/26 - 6/14/26
74719,change,-9,Unassigned,Sante 6/8/26 - 6/14/26
110036,change,-1,Unassigned,Sante 6/8/26 - 6/14/26
16174,change,-1,Unassigned,Sante 6/8/26 - 6/14/26
60295,change,-8,Unassigned,Sante 6/8/26 - 6/14/26
2475784-1,change,-2,Unassigned,Sante 6/8/26 - 6/14/26
602140,change,-1,Unassigned,Sante 6/8/26 - 6/14/26
20775,change,-2,Unassigned,Sante 6/8/26 - 6/14/26
1020240-1,change,-3,Unassigned,Sante 6/8/26 - 6/14/26
530013,change,-4,Unassigned,Sante 6/8/26 - 6/14/26
00572,change,-2,Unassigned,Sante 6/8/26 - 6/14/26
94883,change,-1,Unassigned,Sante 6/8/26 - 6/14/26
2471778-1,change,-8,Unassigned,Sante 6/8/26 - 6/14/26
36044,change,-1,Unassigned,Sante 6/8/26 - 6/14/26
1026622-1,change,-2,Unassigned,Sante 6/8/26 - 6/14/26
01292,change,-1,Unassigned,Sante 6/8/26 - 6/14/26
1457068-3,change,-3,Unassigned,Sante 6/8/26 - 6/14/26
31334-1,change,-2,Unassigned,Sante 6/8/26 - 6/14/26
1049422-1,change,-9,Unassigned,Sante 6/8/26 - 6/14/26
1001066-1,change,-3,Unassigned,Sante 6/8/26 - 6/14/26
519104,change,-3,Unassigned,Sante 6/8/26 - 6/14/26
180854000101,change,-13,Unassigned,Sante 6/8/26 - 6/14/26
07209,change,-6,Unassigned,Sante 6/8/26 - 6/14/26
2489230-1,change,-2,Unassigned,Sante 6/8/26 - 6/14/26
2419784-3,change,-2,Unassigned,Sante 6/8/26 - 6/14/26
4044044,change,-5,Unassigned,Sante 6/8/26 - 6/14/26
10272,change,-2,Unassigned,Sante 6/8/26 - 6/14/26
00650,change,-9,Unassigned,Sante 6/8/26 - 6/14/26
31274,change,-2,Unassigned,Sante 6/8/26 - 6/14/26
1032592-1,change,-9,Unassigned,Sante 6/8/26 - 6/14/26
94870,change,-6,Unassigned,Sante 6/8/26 - 6/14/26
4047449,change,-22,Unassigned,Sante 6/8/26 - 6/14/26
5760,change,-1,Unassigned,Sante 6/8/26 - 6/14/26
530002,change,-5,Unassigned,Sante 6/8/26 - 6/14/26
MRSRB750,change,-1,Unassigned,Sante 6/8/26 - 6/14/26
00299,change,-10,Unassigned,Sante 6/8/26 - 6/14/26
2149086-1,change,-1,Unassigned,Sante 6/8/26 - 6/14/26
563007,change,-1,Unassigned,Sante 6/8/26 - 6/14/26
01433,change,-3,Unassigned,Sante 6/8/26 - 6/14/26
40300,change,-1,Unassigned,Sante 6/8/26 - 6/14/26
1002132-1,change,-1,Unassigned,Sante 6/8/26 - 6/14/26
653020,change,-2,Unassigned,Sante 6/8/26 - 6/14/26
35273,change,-4,Unassigned,Sante 6/8/26 - 6/14/26
TRCJ32,change,-7,Unassigned,Sante 6/8/26 - 6/14/26
DOLE46,change,-3,Unassigned,Sante 6/8/26 - 6/14/26
30339229,change,-4,Unassigned,Sante 6/8/26 - 6/14/26
2397379-1,change,-1,Unassigned,Sante 6/8/26 - 6/14/26
654720,change,-4,Unassigned,Sante 6/8/26 - 6/14/26
RB16,change,-3,Unassigned,Sante 6/8/26 - 6/14/26
00339,change,-6,Unassigned,Sante 6/8/26 - 6/14/26
05764,change,-6,Unassigned,Sante 6/8/26 - 6/14/26
16649,change,-125,Unassigned,Sante 6/8/26 - 6/14/26
50570,change,-1,Unassigned,Sante 6/8/26 - 6/14/26
35104,change,-2,Unassigned,Sante 6/8/26 - 6/14/26
38756,change,-1,Unassigned,Sante 6/8/26 - 6/14/26
602840,change,-1,Unassigned,Sante 6/8/26 - 6/14/26
1001477-1,change,-4,Unassigned,Sante 6/8/26 - 6/14/26
00328,change,-2,Unassigned,Sante 6/8/26 - 6/14/26
104443,change,-4,Unassigned,Sante 6/8/26 - 6/14/26
05514,change,-3,Unassigned,Sante 6/8/26 - 6/14/26
548740,change,-1,Unassigned,Sante 6/8/26 - 6/14/26
4063,change,-1,Unassigned,Sante 6/8/26 - 6/14/26
60174,change,-1,Unassigned,Sante 6/8/26 - 6/14/26
65902,change,-1,Unassigned,Sante 6/8/26 - 6/14/26
54244,change,-2,Unassigned,Sante 6/8/26 - 6/14/26
00557,change,-3,Unassigned,Sante 6/8/26 - 6/14/26
2420334-1,change,-1,Unassigned,Sante 6/8/26 - 6/14/26
30203619,change,-3,Unassigned,Sante 6/8/26 - 6/14/26
1002249-1,change,-1,Unassigned,Sante 6/8/26 - 6/14/26
1838868-1,change,-1,Unassigned,Sante 6/8/26 - 6/14/26
23653,change,-2,Unassigned,Sante 6/8/26 - 6/14/26
60169,change,-1,Unassigned,Sante 6/8/26 - 6/14/26
1001201-1,change,-5,Unassigned,Sante 6/8/26 - 6/14/26
15639,change,-1,Unassigned,Sante 6/8/26 - 6/14/26
00807,change,-2,Unassigned,Sante 6/8/26 - 6/14/26
464034724,change,-1,Unassigned,Sante 6/8/26 - 6/14/26
1001849-1,change,-1,Unassigned,Sante 6/8/26 - 6/14/26
CDTW32,change,-8,Unassigned,Sante 6/8/26 - 6/14/26
240012723,change,-5,Unassigned,Sante 6/8/26 - 6/14/26
8551140,change,-4,Unassigned,Sante 6/8/26 - 6/14/26
05681,change,-6,Unassigned,Sante 6/8/26 - 6/14/26
10200,change,-4,Unassigned,Sante 6/8/26 - 6/14/26
2386191-1,change,-1,Unassigned,Sante 6/8/26 - 6/14/26
1070742,change,-2,Unassigned,Sante 6/8/26 - 6/14/26
RDCGXO750,change,-1,Unassigned,Sante 6/8/26 - 6/14/26
2417184-1,change,-1,Unassigned,Sante 6/8/26 - 6/14/26
00656,change,-11,Unassigned,Sante 6/8/26 - 6/14/26
05679,change,-2,Unassigned,Sante 6/8/26 - 6/14/26
00340,change,-6,Unassigned,Sante 6/8/26 - 6/14/26
274740,change,-3,Unassigned,Sante 6/8/26 - 6/14/26
05650,change,-2,Unassigned,Sante 6/8/26 - 6/14/26
05664,change,-11,Unassigned,Sante 6/8/26 - 6/14/26
00654,change,-8,Unassigned,Sante 6/8/26 - 6/14/26
03501,change,-5,Unassigned,Sante 6/8/26 - 6/14/26
4047340,change,-22,Unassigned,Sante 6/8/26 - 6/14/26
2072642,change,-9,Unassigned,Sante 6/8/26 - 6/14/26
1814299-2,change,-1,Unassigned,Sante 6/8/26 - 6/14/26
6502742  ,change,-21,Unassigned,Sante 6/8/26 - 6/14/26
60181,change,-4,Unassigned,Sante 6/8/26 - 6/14/26
22439,change,-4,Unassigned,Sante 6/8/26 - 6/14/26
2355994-1,change,-2,Unassigned,Sante 6/8/26 - 6/14/26
2500219-1,change,-2,Unassigned,Sante 6/8/26 - 6/14/26
129299,change,-1,Unassigned,Sante 6/8/26 - 6/14/26
133206,change,-2,Unassigned,Sante 6/8/26 - 6/14/26
6007148,change,-1,Unassigned,Sante 6/8/26 - 6/14/26
14108,change,-1,Unassigned,Sante 6/8/26 - 6/14/26
03530,change,-1,Unassigned,Sante 6/8/26 - 6/14/26
12387,change,-5,Unassigned,Sante 6/8/26 - 6/14/26
SP20,change,-9,Unassigned,Sante 6/8/26 - 6/14/26
133879,change,-1,Unassigned,Sante 6/8/26 - 6/14/26
ITSGCERO7523,change,-1,Unassigned,Sante 6/8/26 - 6/14/26
2490089-1,change,-1,Unassigned,Sante 6/8/26 - 6/14/26
45204,change,-2,Unassigned,Sante 6/8/26 - 6/14/26
57041,change,-2,Unassigned,Sante 6/8/26 - 6/14/26
21282,change,-3,Unassigned,Sante 6/8/26 - 6/14/26
60510,change,-11,Unassigned,Sante 6/8/26 - 6/14/26
01208,change,-9,Unassigned,Sante 6/8/26 - 6/14/26
1004096-1,change,-2,Unassigned,Sante 6/8/26 - 6/14/26
05654,change,-1,Unassigned,Sante 6/8/26 - 6/14/26
10525,change,-1,Unassigned,Sante 6/8/26 - 6/14/26
1001027-1,change,-4,Unassigned,Sante 6/8/26 - 6/14/26
652725,change,-4,Unassigned,Sante 6/8/26 - 6/14/26
07204,change,-6,Unassigned,Sante 6/8/26 - 6/14/26
1003649-1,change,-3,Unassigned,Sante 6/8/26 - 6/14/26
287200,change,-12,Unassigned,Sante 6/8/26 - 6/14/26
0150340,change,-1,Unassigned,Sante 6/8/26 - 6/14/26
CA-994929,change,-2,Unassigned,Sante 6/8/26 - 6/14/26
1000743-1,change,-3,Unassigned,Sante 6/8/26 - 6/14/26
1049424-1,change,-14,Unassigned,Sante 6/8/26 - 6/14/26
10138,change,-3,Unassigned,Sante 6/8/26 - 6/14/26
38417,change,-7,Unassigned,Sante 6/8/26 - 6/14/26
2474258-1,change,-1,Unassigned,Sante 6/8/26 - 6/14/26
60161,change,-2,Unassigned,Sante 6/8/26 - 6/14/26
37753,change,-7,Unassigned,Sante 6/8/26 - 6/14/26
1003399-1,change,-5,Unassigned,Sante 6/8/26 - 6/14/26
12379,change,-3,Unassigned,Sante 6/8/26 - 6/14/26
22160,change,-2,Unassigned,Sante 6/8/26 - 6/14/26
150034,change,-3,Unassigned,Sante 6/8/26 - 6/14/26
855750,change,-5,Unassigned,Sante 6/8/26 - 6/14/26
104508,change,-61,Unassigned,Sante 6/8/26 - 6/14/26
2482834-1,change,-1,Unassigned,Sante 6/8/26 - 6/14/26
00122,change,-4,Unassigned,Sante 6/8/26 - 6/14/26
890140US,change,-1,Unassigned,Sante 6/8/26 - 6/14/26
51135,change,-1,Unassigned,Sante 6/8/26 - 6/14/26
1670140,change,-1,Unassigned,Sante 6/8/26 - 6/14/26
2478147-1,change,-2,Unassigned,Sante 6/8/26 - 6/14/26
4048345,change,-2,Unassigned,Sante 6/8/26 - 6/14/26
530018,change,-4,Unassigned,Sante 6/8/26 - 6/14/26
00334,change,-1,Unassigned,Sante 6/8/26 - 6/14/26
1029661-1,change,-3,Unassigned,Sante 6/8/26 - 6/14/26
74240,change,-2,Unassigned,Sante 6/8/26 - 6/14/26
1000954-1,change,-3,Unassigned,Sante 6/8/26 - 6/14/26
1001028-1,change,-1,Unassigned,Sante 6/8/26 - 6/14/26
37103,change,-10,Unassigned,Sante 6/8/26 - 6/14/26
22848,change,-1,Unassigned,Sante 6/8/26 - 6/14/26
22248,change,-1,Unassigned,Sante 6/8/26 - 6/14/26
07207,change,-1,Unassigned,Sante 6/8/26 - 6/14/26
10553,change,-5,Unassigned,Sante 6/8/26 - 6/14/26
00776,change,-3,Unassigned,Sante 6/8/26 - 6/14/26
1269888-1,change,-1,Unassigned,Sante 6/8/26 - 6/14/26
2491708-1,change,-5,Unassigned,Sante 6/8/26 - 6/14/26
35411,change,-3,Unassigned,Sante 6/8/26 - 6/14/26
124963,change,-1,Unassigned,Sante 6/8/26 - 6/14/26
1000947-1,change,-1,Unassigned,Sante 6/8/26 - 6/14/26
18833,change,-2,Unassigned,Sante 6/8/26 - 6/14/26
2077064-1,change,-1,Unassigned,Sante 6/8/26 - 6/14/26
1875247-1,change,-2,Unassigned,Sante 6/8/26 - 6/14/26
6426048,change,-4,Unassigned,Sante 6/8/26 - 6/14/26
LACP,change,-2,Unassigned,Sante 6/8/26 - 6/14/26
100850,change,-43,Unassigned,Sante 6/8/26 - 6/14/26
501441,change,-1,Unassigned,Sante 6/8/26 - 6/14/26
03319,change,-4,Unassigned,Sante 6/8/26 - 6/14/26
60167,change,-8,Unassigned,Sante 6/8/26 - 6/14/26
37704,change,-10,Unassigned,Sante 6/8/26 - 6/14/26
2024153-4,change,-3,Unassigned,Sante 6/8/26 - 6/14/26
POL16,change,-16,Unassigned,Sante 6/8/26 - 6/14/26
14817,change,-14,Unassigned,Sante 6/8/26 - 6/14/26
831630,change,-4,Unassigned,Sante 6/8/26 - 6/14/26
530019,change,-16,Unassigned,Sante 6/8/26 - 6/14/26
1049423-1,change,-13,Unassigned,Sante 6/8/26 - 6/14/26
7638044,change,-1,Unassigned,Sante 6/8/26 - 6/14/26
38609,change,-1,Unassigned,Sante 6/8/26 - 6/14/26
94841,change,-4,Unassigned,Sante 6/8/26 - 6/14/26
00121,change,-1,Unassigned,Sante 6/8/26 - 6/14/26
00123,change,-6,Unassigned,Sante 6/8/26 - 6/14/26
	1802796-1,change,-2,Unassigned,Sante 6/8/26 - 6/14/26
1001106-1,change,-4,Unassigned,Sante 6/8/26 - 6/14/26
34927,change,-1,Unassigned,Sante 6/8/26 - 6/14/26
1021454-1,change,-1,Unassigned,Sante 6/8/26 - 6/14/26
1003085-1,change,-1,Unassigned,Sante 6/8/26 - 6/14/26
1223225-1,change,-2,Unassigned,Sante 6/8/26 - 6/14/26
07174,change,-2,Unassigned,Sante 6/8/26 - 6/14/26
2495132-1,change,-1,Unassigned,Sante 6/8/26 - 6/14/26
274640,change,-1,Unassigned,Sante 6/8/26 - 6/14/26
1031673-1,change,-1,Unassigned,Sante 6/8/26 - 6/14/26
10116,change,-6,Unassigned,Sante 6/8/26 - 6/14/26
00527,change,-11,Unassigned,Sante 6/8/26 - 6/14/26
10107,change,-2,Unassigned,Sante 6/8/26 - 6/14/26
RAIV24SBMAA0,change,-1,Unassigned,Sante 6/8/26 - 6/14/26
24077,change,-3,Unassigned,Sante 6/8/26 - 6/14/26
5564680,change,-1,Unassigned,Sante 6/8/26 - 6/14/26
57159,change,-2,Unassigned,Sante 6/8/26 - 6/14/26
10111,change,-6,Unassigned,Sante 6/8/26 - 6/14/26
11665,change,-2,Unassigned,Sante 6/8/26 - 6/14/26
65906,change,-1,Unassigned,Sante 6/8/26 - 6/14/26
00664,change,-4,Unassigned,Sante 6/8/26 - 6/14/26
50567,change,-5,Unassigned,Sante 6/8/26 - 6/14/26
1001104-1,change,-2,Unassigned,Sante 6/8/26 - 6/14/26
2392940,change,-1,Unassigned,Sante 6/8/26 - 6/14/26
1909747-1,change,-1,Unassigned,Sante 6/8/26 - 6/14/26
60267,change,-2,Unassigned,Sante 6/8/26 - 6/14/26
38485,change,-19,Unassigned,Sante 6/8/26 - 6/14/26
00106,change,-4,Unassigned,Sante 6/8/26 - 6/14/26
07216,change,-1,Unassigned,Sante 6/8/26 - 6/14/26
38873,change,-3,Unassigned,Sante 6/8/26 - 6/14/26
38718,change,-2,Unassigned,Sante 6/8/26 - 6/14/26
00613,change,-3,Unassigned,Sante 6/8/26 - 6/14/26
32768,change,-6,Unassigned,Sante 6/8/26 - 6/14/26
642840,change,-2,Unassigned,Sante 6/8/26 - 6/14/26
530010,change,-4,Unassigned,Sante 6/8/26 - 6/14/26
1267041,change,-1,Unassigned,Sante 6/8/26 - 6/14/26
1032593-1,change,-2,Unassigned,Sante 6/8/26 - 6/14/26
19811,change,-2,Unassigned,Sante 6/8/26 - 6/14/26
519114,change,-2,Unassigned,Sante 6/8/26 - 6/14/26
699486,change,-6,Unassigned,Sante 6/8/26 - 6/14/26
30336950,change,-4,Unassigned,Sante 6/8/26 - 6/14/26
5161142,change,-1,Unassigned,Sante 6/8/26 - 6/14/26
168774,change,-1,Unassigned,Sante 6/8/26 - 6/14/26
168714,change,-3,Unassigned,Sante 6/8/26 - 6/14/26
105354,change,-1,Unassigned,Sante 6/8/26 - 6/14/26
5195154        ,change,-1,Unassigned,Sante 6/8/26 - 6/14/26
10086,change,-1,Unassigned,Sante 6/8/26 - 6/14/26
00699,change,-6,Unassigned,Sante 6/8/26 - 6/14/26
61305,change,-1,Unassigned,Sante 6/8/26 - 6/14/26
37006724,change,-5,Unassigned,Sante 6/8/26 - 6/14/26
1599699-1,change,-1,Unassigned,Sante 6/8/26 - 6/14/26
00663,change,-2,Unassigned,Sante 6/8/26 - 6/14/26
22425,change,-1,Unassigned,Sante 6/8/26 - 6/14/26
1849483-1,change,-1,Unassigned,Sante 6/8/26 - 6/14/26
1974528-3,change,-2,Unassigned,Sante 6/8/26 - 6/14/26
1561412-1,change,-34,Unassigned,Sante 6/8/26 - 6/14/26
1463535-1,change,-1,Unassigned,Sante 6/8/26 - 6/14/26
1001475-1,change,-5,Unassigned,Sante 6/8/26 - 6/14/26
518240,change,-1,Unassigned,Sante 6/8/26 - 6/14/26
1862939-1,change,-1,Unassigned,Sante 6/8/26 - 6/14/26
679140,change,-1,Unassigned,Sante 6/8/26 - 6/14/26
MADIPA,change,-2,Unassigned,Sante 6/8/26 - 6/14/26
1321090-1,change,-1,Unassigned,Sante 6/8/26 - 6/14/26
1959183-1,change,-1,Unassigned,Sante 6/8/26 - 6/14/26
2501934-1,change,-2,Unassigned,Sante 6/8/26 - 6/14/26
51417,change,-1,Unassigned,Sante 6/8/26 - 6/14/26
04538,change,-1,Unassigned,Sante 6/8/26 - 6/14/26
60381,change,-2,Unassigned,Sante 6/8/26 - 6/14/26
9479040,change,-1,Unassigned,Sante 6/8/26 - 6/14/26
12908,change,-2,Unassigned,Sante 6/8/26 - 6/14/26
00377,change,-4,Unassigned,Sante 6/8/26 - 6/14/26
29804,change,-2,Unassigned,Sante 6/8/26 - 6/14/26
42116,change,-2,Unassigned,Sante 6/8/26 - 6/14/26
10253,change,-1,Unassigned,Sante 6/8/26 - 6/14/26
1000446-1,change,-3,Unassigned,Sante 6/8/26 - 6/14/26
36346,change,-1,Unassigned,Sante 6/8/26 - 6/14/26
01277,change,-2,Unassigned,Sante 6/8/26 - 6/14/26
90584-1,change,-2,Unassigned,Sante 6/8/26 - 6/14/26
IN-XIN-01-NV,change,-1,Unassigned,Sante 6/8/26 - 6/14/26
68060,change,-1,Unassigned,Sante 6/8/26 - 6/14/26
1652057-8,change,-1,Unassigned,Sante 6/8/26 - 6/14/26
12870,change,-2,Unassigned,Sante 6/8/26 - 6/14/26
653144,change,-1,Unassigned,Sante 6/8/26 - 6/14/26
JP-XKM-51-NVA,change,-1,Unassigned,Sante 6/8/26 - 6/14/26
2428033-1,change,-2,Unassigned,Sante 6/8/26 - 6/14/26
2137573-2,change,-1,Unassigned,Sante 6/8/26 - 6/14/26
01744,change,-4,Unassigned,Sante 6/8/26 - 6/14/26
L152-24,change,-1,Unassigned,Sante 6/8/26 - 6/14/26
2257534-1,change,-1,Unassigned,Sante 6/8/26 - 6/14/26
4309945,change,-1,Unassigned,Sante 6/8/26 - 6/14/26
00605,change,-3,Unassigned,Sante 6/8/26 - 6/14/26
00612,change,-1,Unassigned,Sante 6/8/26 - 6/14/26
1689088-1,change,-1,Unassigned,Sante 6/8/26 - 6/14/26
60147,change,-2,Unassigned,Sante 6/8/26 - 6/14/26
101889,change,-1,Unassigned,Sante 6/8/26 - 6/14/26
307760,change,-1,Unassigned,Sante 6/8/26 - 6/14/26
1259977-1,change,-1,Unassigned,Sante 6/8/26 - 6/14/26
C20,change,-10,Unassigned,Sante 6/8/26 - 6/14/26
DC20,change,-8,Unassigned,Sante 6/8/26 - 6/14/26
1004214-1,change,-2,Unassigned,Sante 6/8/26 - 6/14/26
00619,change,-3,Unassigned,Sante 6/8/26 - 6/14/26
2082536-2,change,-2,Unassigned,Sante 6/8/26 - 6/14/26
738541,change,-2,Unassigned,Sante 6/8/26 - 6/14/26
811-014-250,change,-1,Unassigned,Sante 6/8/26 - 6/14/26
461940,change,-1,Unassigned,Sante 6/8/26 - 6/14/26
2396860-1,change,-1,Unassigned,Sante 6/8/26 - 6/14/26
101710,change,-34,Unassigned,Sante 6/8/26 - 6/14/26
1084907-1,change,-3,Unassigned,Sante 6/8/26 - 6/14/26
1817455-1,change,-3,Unassigned,Sante 6/8/26 - 6/14/26
16977,change,-2,Unassigned,Sante 6/8/26 - 6/14/26
13777,change,-7,Unassigned,Sante 6/8/26 - 6/14/26
2500683-1,change,-1,Unassigned,Sante 6/8/26 - 6/14/26
LDX-R19,change,-1,Unassigned,Sante 6/8/26 - 6/14/26
00319,change,-5,Unassigned,Sante 6/8/26 - 6/14/26
50568,change,-2,Unassigned,Sante 6/8/26 - 6/14/26
 1595797-1,change,-5,Unassigned,Sante 6/8/26 - 6/14/26
4324240,change,-3,Unassigned,Sante 6/8/26 - 6/14/26
06595,change,-4,Unassigned,Sante 6/8/26 - 6/14/26
914340,change,-6,Unassigned,Sante 6/8/26 - 6/14/26
2013225-1,change,-1,Unassigned,Sante 6/8/26 - 6/14/26
370070750,change,-8,Unassigned,Sante 6/8/26 - 6/14/26
1234567-39,change,-1,Unassigned,Sante 6/8/26 - 6/14/26
1039311-1,change,-1,Unassigned,Sante 6/8/26 - 6/14/26
9504,change,-1,Unassigned,Sante 6/8/26 - 6/14/26
00570,change,-8,Unassigned,Sante 6/8/26 - 6/14/26
00298,change,-2,Unassigned,Sante 6/8/26 - 6/14/26
11004,change,-8,Unassigned,Sante 6/8/26 - 6/14/26
2472584-1,change,-1,Unassigned,Sante 6/8/26 - 6/14/26
281340,change,-1,Unassigned,Sante 6/8/26 - 6/14/26
3806030,change,-4,Unassigned,Sante 6/8/26 - 6/14/26
10325,change,-10,Unassigned,Sante 6/8/26 - 6/14/26
01982,change,-3,Unassigned,Sante 6/8/26 - 6/14/26
2504504-1,change,-1,Unassigned,Sante 6/8/26 - 6/14/26
57160,change,-6,Unassigned,Sante 6/8/26 - 6/14/26
00657,change,-21,Unassigned,Sante 6/8/26 - 6/14/26
GLL20,change,-8,Unassigned,Sante 6/8/26 - 6/14/26
GCBR20,change,-11,Unassigned,Sante 6/8/26 - 6/14/26
4047940,change,-2,Unassigned,Sante 6/8/26 - 6/14/26
1974040,change,-6,Unassigned,Sante 6/8/26 - 6/14/26
1036367-1,change,-8,Unassigned,Sante 6/8/26 - 6/14/26
811-020-355,change,-1,Unassigned,Sante 6/8/26 - 6/14/26
2225732-2,change,-1,Unassigned,Sante 6/8/26 - 6/14/26
2506439-1,change,-2,Unassigned,Sante 6/8/26 - 6/14/26
0047530,change,-2,Unassigned,Sante 6/8/26 - 6/14/26
31004,change,-1,Unassigned,Sante 6/8/26 - 6/14/26
2073047,change,-4,Unassigned,Sante 6/8/26 - 6/14/26
885540,change,-2,Unassigned,Sante 6/8/26 - 6/14/26
1102440,change,-1,Unassigned,Sante 6/8/26 - 6/14/26
194960,change,-1,Unassigned,Sante 6/8/26 - 6/14/26
33785,change,-2,Unassigned,Sante 6/8/26 - 6/14/26
1001528-1,change,-3,Unassigned,Sante 6/8/26 - 6/14/26
1001531-1,change,-4,Unassigned,Sante 6/8/26 - 6/14/26
00531,change,-1,Unassigned,Sante 6/8/26 - 6/14/26
34748,change,-1,Unassigned,Sante 6/8/26 - 6/14/26
4303443,change,-1,Unassigned,Sante 6/8/26 - 6/14/26
5161221,change,-1,Unassigned,Sante 6/8/26 - 6/14/26
274440,change,-2,Unassigned,Sante 6/8/26 - 6/14/26
4044141,change,-3,Unassigned,Sante 6/8/26 - 6/14/26
461410,change,-2,Unassigned,Sante 6/8/26 - 6/14/26
3221540,change,-2,Unassigned,Sante 6/8/26 - 6/14/26
11578,change,-1,Unassigned,Sante 6/8/26 - 6/14/26
20274,change,-1,Unassigned,Sante 6/8/26 - 6/14/26
1002380-1,change,-1,Unassigned,Sante 6/8/26 - 6/14/26
5590843,change,-1,Unassigned,Sante 6/8/26 - 6/14/26
1000505-1	,change,-2,Unassigned,Sante 6/8/26 - 6/14/26
50563,change,-1,Unassigned,Sante 6/8/26 - 6/14/26
2333704-1,change,-2,Unassigned,Sante 6/8/26 - 6/14/26
6911642,change,-1,Unassigned,Sante 6/8/26 - 6/14/26
2498709-1,change,-1,Unassigned,Sante 6/8/26 - 6/14/26
312040,change,-5,Unassigned,Sante 6/8/26 - 6/14/26
1386023-1,change,-2,Unassigned,Sante 6/8/26 - 6/14/26
07200,change,-6,Unassigned,Sante 6/8/26 - 6/14/26
1947373-1,change,-3,Unassigned,Sante 6/8/26 - 6/14/26
9479840,change,-1,Unassigned,Sante 6/8/26 - 6/14/26
10204,change,-2,Unassigned,Sante 6/8/26 - 6/14/26
1003397-1,change,-2,Unassigned,Sante 6/8/26 - 6/14/26
2506011-1,change,-1,Unassigned,Sante 6/8/26 - 6/14/26
60258,change,-3,Unassigned,Sante 6/8/26 - 6/14/26
50571,change,-2,Unassigned,Sante 6/8/26 - 6/14/26
20243,change,-2,Unassigned,Sante 6/8/26 - 6/14/26
1001739-1,change,-1,Unassigned,Sante 6/8/26 - 6/14/26
5589640,change,-2,Unassigned,Sante 6/8/26 - 6/14/26
2447829-1,change,-1,Unassigned,Sante 6/8/26 - 6/14/26
2504636-1,change,-1,Unassigned,Sante 6/8/26 - 6/14/26
2488594-1,change,-2,Unassigned,Sante 6/8/26 - 6/14/26
1034470-1,change,-2,Unassigned,Sante 6/8/26 - 6/14/26
06813,change,-1,Unassigned,Sante 6/8/26 - 6/14/26
90520,change,-7,Unassigned,Sante 6/8/26 - 6/14/26
01228,change,-10,Unassigned,Sante 6/8/26 - 6/14/26
274660,change,-2,Unassigned,Sante 6/8/26 - 6/14/26
2486290-1,change,-3,Unassigned,Sante 6/8/26 - 6/14/26
101837,change,-2,Unassigned,Sante 6/8/26 - 6/14/26
2412903-1,change,-1,Unassigned,Sante 6/8/26 - 6/14/26
37917,change,-2,Unassigned,Sante 6/8/26 - 6/14/26
35407,change,-3,Unassigned,Sante 6/8/26 - 6/14/26
2503947-1,change,-17,Unassigned,Sante 6/8/26 - 6/14/26
10523,change,-76,Unassigned,Sante 6/8/26 - 6/14/26
13904,change,-1,Unassigned,Sante 6/8/26 - 6/14/26
05652,change,-4,Unassigned,Sante 6/8/26 - 6/14/26
SAKE05452,change,-1,Unassigned,Sante 6/8/26 - 6/14/26
1797499-1,change,-1,Unassigned,Sante 6/8/26 - 6/14/26
3805043,change,-2,Unassigned,Sante 6/8/26 - 6/14/26
00665,change,-2,Unassigned,Sante 6/8/26 - 6/14/26
22412,change,-4,Unassigned,Sante 6/8/26 - 6/14/26
2464695-1,change,-1,Unassigned,Sante 6/8/26 - 6/14/26
1966429-1,change,-3,Unassigned,Sante 6/8/26 - 6/14/26
23777,change,-1,Unassigned,Sante 6/8/26 - 6/14/26
74653,change,-3,Unassigned,Sante 6/8/26 - 6/14/26
34804,change,-2,Unassigned,Sante 6/8/26 - 6/14/26
2329826-1,change,-3,Unassigned,Sante 6/8/26 - 6/14/26
4048241,change,-7,Unassigned,Sante 6/8/26 - 6/14/26
10504,change,-1,Unassigned,Sante 6/8/26 - 6/14/26
1697668-1,change,-3,Unassigned,Sante 6/8/26 - 6/14/26
1003192-1,change,-2,Unassigned,Sante 6/8/26 - 6/14/26
811-018-355,change,-1,Unassigned,Sante 6/8/26 - 6/14/26
820660,change,-1,Unassigned,Sante 6/8/26 - 6/14/26
95400,change,-7,Unassigned,Sante 6/8/26 - 6/14/26
2256957-1,change,-1,Unassigned,Sante 6/8/26 - 6/14/26
4048044,change,-6,Unassigned,Sante 6/8/26 - 6/14/26
38883,change,-2,Unassigned,Sante 6/8/26 - 6/14/26
824050,change,-1,Unassigned,Sante 6/8/26 - 6/14/26
36214,change,-4,Unassigned,Sante 6/8/26 - 6/14/26
31519,change,-8,Unassigned,Sante 6/8/26 - 6/14/26
100477,change,-1,Unassigned,Sante 6/8/26 - 6/14/26
2474220-1,change,-1,Unassigned,Sante 6/8/26 - 6/14/26
0659040,change,-2,Unassigned,Sante 6/8/26 - 6/14/26
2470205-1,change,-1,Unassigned,Sante 6/8/26 - 6/14/26
52612022,change,-1,Unassigned,Sante 6/8/26 - 6/14/26
2472487-1,change,-1,Unassigned,Sante 6/8/26 - 6/14/26
63039,change,-3,Unassigned,Sante 6/8/26 - 6/14/26
54023,change,-3,Unassigned,Sante 6/8/26 - 6/14/26
274650,change,-1,Unassigned,Sante 6/8/26 - 6/14/26
1031609-5,change,-1,Unassigned,Sante 6/8/26 - 6/14/26
7314249,change,-2,Unassigned,Sante 6/8/26 - 6/14/26
09016,change,-6,Unassigned,Sante 6/8/26 - 6/14/26
41920,change,-3,Unassigned,Sante 6/8/26 - 6/14/26
37806,change,-1,Unassigned,Sante 6/8/26 - 6/14/26
1000506-1,change,-3,Unassigned,Sante 6/8/26 - 6/14/26
1302352-1,change,-1,Unassigned,Sante 6/8/26 - 6/14/26
1029662-1,change,-1,Unassigned,Sante 6/8/26 - 6/14/26
01227,change,-1,Unassigned,Sante 6/8/26 - 6/14/26
1052950-1,change,-2,Unassigned,Sante 6/8/26 - 6/14/26
1552035-2,change,-2,Unassigned,Sante 6/8/26 - 6/14/26
2148810-1,change,-2,Unassigned,Sante 6/8/26 - 6/14/26
1008194-1,change,-2,Unassigned,Sante 6/8/26 - 6/14/26
133230,change,-3,Unassigned,Sante 6/8/26 - 6/14/26
1502540,change,-1,Unassigned,Sante 6/8/26 - 6/14/26
1001912-1,change,-1,Unassigned,Sante 6/8/26 - 6/14/26
360941,change,-1,Unassigned,Sante 6/8/26 - 6/14/26
1001029-1,change,-7,Unassigned,Sante 6/8/26 - 6/14/26
1044252-1,change,-1,Unassigned,Sante 6/8/26 - 6/14/26
1277154-1,change,-1,Unassigned,Sante 6/8/26 - 6/14/26
2502140-1,change,-3,Unassigned,Sante 6/8/26 - 6/14/26
1013942-1,change,-1,Unassigned,Sante 6/8/26 - 6/14/26
751540,change,-4,Unassigned,Sante 6/8/26 - 6/14/26
757940,change,-2,Unassigned,Sante 6/8/26 - 6/14/26
14943,change,-1,Unassigned,Sante 6/8/26 - 6/14/26
CDGA12,change,-7,Unassigned,Sante 6/8/26 - 6/14/26
4047846,change,-8,Unassigned,Sante 6/8/26 - 6/14/26
281040,change,-1,Unassigned,Sante 6/8/26 - 6/14/26
2385623-1,change,-1,Unassigned,Sante 6/8/26 - 6/14/26
0430507NV,change,-5,Unassigned,Sante 6/8/26 - 6/14/26
2407876-1,change,-1,Unassigned,Sante 6/8/26 - 6/14/26
4360142,change,-4,Unassigned,Sante 6/8/26 - 6/14/26
30316731,change,-1,Unassigned,Sante 6/8/26 - 6/14/26
00700,change,-1,Unassigned,Sante 6/8/26 - 6/14/26
1003788-1,change,-1,Unassigned,Sante 6/8/26 - 6/14/26
4080141 ,change,-4,Unassigned,Sante 6/8/26 - 6/14/26
717650,change,-1,Unassigned,Sante 6/8/26 - 6/14/26
GFP20,change,-4,Unassigned,Sante 6/8/26 - 6/14/26
820640,change,-1,Unassigned,Sante 6/8/26 - 6/14/26
1000960-1,change,-1,Unassigned,Sante 6/8/26 - 6/14/26
05511,change,-3,Unassigned,Sante 6/8/26 - 6/14/26
00523,change,-7,Unassigned,Sante 6/8/26 - 6/14/26
30338565,change,-2,Unassigned,Sante 6/8/26 - 6/14/26
NU100,change,-1,Unassigned,Sante 6/8/26 - 6/14/26
172540,change,-1,Unassigned,Sante 6/8/26 - 6/14/26
2506980-1,change,-1,Unassigned,Sante 6/8/26 - 6/14/26
403240,change,-1,Unassigned,Sante 6/8/26 - 6/14/26
1561825-1,change,-1,Unassigned,Sante 6/8/26 - 6/14/26
94936,change,-2,Unassigned,Sante 6/8/26 - 6/14/26
07935,change,-5,Unassigned,Sante 6/8/26 - 6/14/26
00651,change,-3,Unassigned,Sante 6/8/26 - 6/14/26
05659,change,-2,Unassigned,Sante 6/8/26 - 6/14/26
42119,change,-1,Unassigned,Sante 6/8/26 - 6/14/26
1263452-1,change,-1,Unassigned,Sante 6/8/26 - 6/14/26
1717979-2,change,-1,Unassigned,Sante 6/8/26 - 6/14/26
49600,change,-7,Unassigned,Sante 6/8/26 - 6/14/26
2217322-1,change,-1,Unassigned,Sante 6/8/26 - 6/14/26
1979208-1,change,-1,Unassigned,Sante 6/8/26 - 6/14/26
DS416,change,-2,Unassigned,Sante 6/8/26 - 6/14/26
00556,change,-8,Unassigned,Sante 6/8/26 - 6/14/26
1175478-1,change,-1,Unassigned,Sante 6/8/26 - 6/14/26
1032594-1,change,-1,Unassigned,Sante 6/8/26 - 6/14/26
01018,change,-1,Unassigned,Sante 6/8/26 - 6/14/26
1205510-1,change,-1,Unassigned,Sante 6/8/26 - 6/14/26
57014,change,-1,Unassigned,Sante 6/8/26 - 6/14/26
00719,change,-2,Unassigned,Sante 6/8/26 - 6/14/26
LQ3000-NVQ,change,-1,Unassigned,Sante 6/8/26 - 6/14/26
1019452-1,change,-4,Unassigned,Sante 6/8/26 - 6/14/26
1018015-1,change,-1,Unassigned,Sante 6/8/26 - 6/14/26
1002781-1,change,-1,Unassigned,Sante 6/8/26 - 6/14/26
14807,change,-2,Unassigned,Sante 6/8/26 - 6/14/26
00533,change,-3,Unassigned,Sante 6/8/26 - 6/14/26
1489971-1,change,-1,Unassigned,Sante 6/8/26 - 6/14/26
00378,change,-2,Unassigned,Sante 6/8/26 - 6/14/26
101630,change,-7,Unassigned,Sante 6/8/26 - 6/14/26
168684,change,-6,Unassigned,Sante 6/8/26 - 6/14/26
2498839-1,change,-2,Unassigned,Sante 6/8/26 - 6/14/26
01787,change,-9,Unassigned,Sante 6/8/26 - 6/14/26
1487619-1,change,-1,Unassigned,Sante 6/8/26 - 6/14/26
1010085-1,change,-2,Unassigned,Sante 6/8/26 - 6/14/26
2495546-1,change,-3,Unassigned,Sante 6/8/26 - 6/14/26
35153,change,-1,Unassigned,Sante 6/8/26 - 6/14/26
00724,change,-1,Unassigned,Sante 6/8/26 - 6/14/26
129226,change,-1,Unassigned,Sante 6/8/26 - 6/14/26
00342,change,-1,Unassigned,Sante 6/8/26 - 6/14/26
1003086-1,change,-1,Unassigned,Sante 6/8/26 - 6/14/26
345160725,change,-4,Unassigned,Sante 6/8/26 - 6/14/26
636340,change,-6,Unassigned,Sante 6/8/26 - 6/14/26
100970,change,-1,Unassigned,Sante 6/8/26 - 6/14/26
101793,change,-5,Unassigned,Sante 6/8/26 - 6/14/26
2407689-1,change,-1,Unassigned,Sante 6/8/26 - 6/14/26
1000443-1,change,-1,Unassigned,Sante 6/8/26 - 6/14/26
22783,change,-1,Unassigned,Sante 6/8/26 - 6/14/26
68450,change,-1,Unassigned,Sante 6/8/26 - 6/14/26
1690254-1,change,-1,Unassigned,Sante 6/8/26 - 6/14/26
30313884,change,-1,Unassigned,Sante 6/8/26 - 6/14/26
1002204-1,change,-1,Unassigned,Sante 6/8/26 - 6/14/26
1000866-1,change,-2,Unassigned,Sante 6/8/26 - 6/14/26
1000826-1,change,-1,Unassigned,Sante 6/8/26 - 6/14/26
ccc,change,-1,Unassigned,Sante 6/8/26 - 6/14/26
2276012-1,change,-2,Unassigned,Sante 6/8/26 - 6/14/26
756440,change,-2,Unassigned,Sante 6/8/26 - 6/14/26
94871,change,-1,Unassigned,Sante 6/8/26 - 6/14/26
00347,change,-5,Unassigned,Sante 6/8/26 - 6/14/26
332001724,change,-2,Unassigned,Sante 6/8/26 - 6/14/26
133202-2019,change,-1,Unassigned,Sante 6/8/26 - 6/14/26
704040,change,-5,Unassigned,Sante 6/8/26 - 6/14/26
03521,change,-1,Unassigned,Sante 6/8/26 - 6/14/26
1004371-1,change,-1,Unassigned,Sante 6/8/26 - 6/14/26
54260,change,-1,Unassigned,Sante 6/8/26 - 6/14/26
2002474-2,change,-7,Unassigned,Sante 6/8/26 - 6/14/26
436173,change,-2,Unassigned,Sante 6/8/26 - 6/14/26
19432,change,-2,Unassigned,Sante 6/8/26 - 6/14/26
1001199-1,change,-3,Unassigned,Sante 6/8/26 - 6/14/26
19237,change,-3,Unassigned,Sante 6/8/26 - 6/14/26
6131443,change,-1,Unassigned,Sante 6/8/26 - 6/14/26
466311,change,-1,Unassigned,Sante 6/8/26 - 6/14/26
30334515,change,-2,Unassigned,Sante 6/8/26 - 6/14/26
2376816-1,change,-1,Unassigned,Sante 6/8/26 - 6/14/26
43056724,change,-1,Unassigned,Sante 6/8/26 - 6/14/26
10453,change,-5,Unassigned,Sante 6/8/26 - 6/14/26
1002348-1,change,-1,Unassigned,Sante 6/8/26 - 6/14/26
1654311-1,change,-2,Unassigned,Sante 6/8/26 - 6/14/26
00609,change,-2,Unassigned,Sante 6/8/26 - 6/14/26
042572057150,change,-1,Unassigned,Sante 6/8/26 - 6/14/26
652840,change,-2,Unassigned,Sante 6/8/26 - 6/14/26
1000658-1,change,-1,Unassigned,Sante 6/8/26 - 6/14/26
12385,change,-3,Unassigned,Sante 6/8/26 - 6/14/26
3969891,change,-5,Unassigned,Sante 6/8/26 - 6/14/26
60172,change,-7,Unassigned,Sante 6/8/26 - 6/14/26
434440,change,-2,Unassigned,Sante 6/8/26 - 6/14/26
1891688-1,change,-1,Unassigned,Sante 6/8/26 - 6/14/26
30320402,change,-2,Unassigned,Sante 6/8/26 - 6/14/26
2451688-1,change,-4,Unassigned,Sante 6/8/26 - 6/14/26
09002,change,-1,Unassigned,Sante 6/8/26 - 6/14/26
4359640,change,-1,Unassigned,Sante 6/8/26 - 6/14/26
403286,change,-1,Unassigned,Sante 6/8/26 - 6/14/26
04546,change,-1,Unassigned,Sante 6/8/26 - 6/14/26
05657,change,-1,Unassigned,Sante 6/8/26 - 6/14/26
00614,change,-1,Unassigned,Sante 6/8/26 - 6/14/26
860-010-500,change,-2,Unassigned,Sante 6/8/26 - 6/14/26
FR-THR-02-NVM,change,-1,Unassigned,Sante 6/8/26 - 6/14/26
37717,change,-3,Unassigned,Sante 6/8/26 - 6/14/26
2477955-1,change,-2,Unassigned,Sante 6/8/26 - 6/14/26
100309,change,-3,Unassigned,Sante 6/8/26 - 6/14/26
1006057-1,change,-2,Unassigned,Sante 6/8/26 - 6/14/26
310740,change,-2,Unassigned,Sante 6/8/26 - 6/14/26
05775,change,-1,Unassigned,Sante 6/8/26 - 6/14/26
1004075-1,change,-1,Unassigned,Sante 6/8/26 - 6/14/26
FRCLSS7523,change,-3,Unassigned,Sante 6/8/26 - 6/14/26
 2071840,change,-1,Unassigned,Sante 6/8/26 - 6/14/26
1638740,change,-1,Unassigned,Sante 6/8/26 - 6/14/26
1363639-1,change,-1,Unassigned,Sante 6/8/26 - 6/14/26
1528803-1,change,-3,Unassigned,Sante 6/8/26 - 6/14/26
133218,change,-2,Unassigned,Sante 6/8/26 - 6/14/26
140250750,change,-2,Unassigned,Sante 6/8/26 - 6/14/26
05651,change,-3,Unassigned,Sante 6/8/26 - 6/14/26
1032003-1,change,-1,Unassigned,Sante 6/8/26 - 6/14/26
1561412-5,change,-5,Unassigned,Sante 6/8/26 - 6/14/26
10104,change,-1,Unassigned,Sante 6/8/26 - 6/14/26
54012,change,-2,Unassigned,Sante 6/8/26 - 6/14/26
54025,change,-4,Unassigned,Sante 6/8/26 - 6/14/26
29423,change,-4,Unassigned,Sante 6/8/26 - 6/14/26
11893,change,-1,Unassigned,Sante 6/8/26 - 6/14/26
1251433-1,change,-1,Unassigned,Sante 6/8/26 - 6/14/26
30341034,change,-2,Unassigned,Sante 6/8/26 - 6/14/26
4137950,change,-1,Unassigned,Sante 6/8/26 - 6/14/26
74712,change,-5,Unassigned,Sante 6/8/26 - 6/14/26
1015408-3,change,-2,Unassigned,Sante 6/8/26 - 6/14/26
2450812-1,change,-1,Unassigned,Sante 6/8/26 - 6/14/26
1503428-1,change,-1,Unassigned,Sante 6/8/26 - 6/14/26
1008537-1,change,-1,Unassigned,Sante 6/8/26 - 6/14/26
60485,change,-7,Unassigned,Sante 6/8/26 - 6/14/26
1239980-1,change,-1,Unassigned,Sante 6/8/26 - 6/14/26
7961044,change,-1,Unassigned,Sante 6/8/26 - 6/14/26
121261050,change,-1,Unassigned,Sante 6/8/26 - 6/14/26
25407,change,-2,Unassigned,Sante 6/8/26 - 6/14/26
24373,change,-4,Unassigned,Sante 6/8/26 - 6/14/26
1499356-1,change,-1,Unassigned,Sante 6/8/26 - 6/14/26
22748,change,-1,Unassigned,Sante 6/8/26 - 6/14/26
660047,change,-2,Unassigned,Sante 6/8/26 - 6/14/26
2020353-1,change,-1,Unassigned,Sante 6/8/26 - 6/14/26
8022040,change,-1,Unassigned,Sante 6/8/26 - 6/14/26
2315537-1,change,-1,Unassigned,Sante 6/8/26 - 6/14/26
01152,change,-3,Unassigned,Sante 6/8/26 - 6/14/26
4046841,change,-2,Unassigned,Sante 6/8/26 - 6/14/26
2225733-1,change,-1,Unassigned,Sante 6/8/26 - 6/14/26
07203,change,-2,Unassigned,Sante 6/8/26 - 6/14/26
2477221-1,change,-2,Unassigned,Sante 6/8/26 - 6/14/26
207700,change,-1,Unassigned,Sante 6/8/26 - 6/14/26
90994-1,change,-1,Unassigned,Sante 6/8/26 - 6/14/26
38100,change,-1,Unassigned,Sante 6/8/26 - 6/14/26
94890,change,-1,Unassigned,Sante 6/8/26 - 6/14/26
1035454-1,change,-1,Unassigned,Sante 6/8/26 - 6/14/26
150067750,change,-1,Unassigned,Sante 6/8/26 - 6/14/26
1683440,change,-1,Unassigned,Sante 6/8/26 - 6/14/26
30336806,change,-1,Unassigned,Sante 6/8/26 - 6/14/26
1003348-1,change,-2,Unassigned,Sante 6/8/26 - 6/14/26
872940,change,-1,Unassigned,Sante 6/8/26 - 6/14/26
1084631-1,change,-1,Unassigned,Sante 6/8/26 - 6/14/26
1594346-1,change,-1,Unassigned,Sante 6/8/26 - 6/14/26
1015662-1,change,-1,Unassigned,Sante 6/8/26 - 6/14/26
03318,change,-3,Unassigned,Sante 6/8/26 - 6/14/26
1007807-1,change,-1,Unassigned,Sante 6/8/26 - 6/14/26
2075542,change,-1,Unassigned,Sante 6/8/26 - 6/14/26
W817,change,-1,Unassigned,Sante 6/8/26 - 6/14/26
SAKE271Y,change,-1,Unassigned,Sante 6/8/26 - 6/14/26
11072,change,-1,Unassigned,Sante 6/8/26 - 6/14/26
24314,change,-1,Unassigned,Sante 6/8/26 - 6/14/26
04542,change,-3,Unassigned,Sante 6/8/26 - 6/14/26
00220,change,-4,Unassigned,Sante 6/8/26 - 6/14/26
168159,change,-1,Unassigned,Sante 6/8/26 - 6/14/26
530021,change,-1,Unassigned,Sante 6/8/26 - 6/14/26
1805533-1,change,-1,Unassigned,Sante 6/8/26 - 6/14/26
653820,change,-1,Unassigned,Sante 6/8/26 - 6/14/26
PM1700,change,-1,Unassigned,Sante 6/8/26 - 6/14/26
1395794-1,change,-1,Unassigned,Sante 6/8/26 - 6/14/26
60158,change,-5,Unassigned,Sante 6/8/26 - 6/14/26
1316671-1,change,-1,Unassigned,Sante 6/8/26 - 6/14/26
00854,change,-4,Unassigned,Sante 6/8/26 - 6/14/26
37804,change,-3,Unassigned,Sante 6/8/26 - 6/14/26
653920,change,-2,Unassigned,Sante 6/8/26 - 6/14/26
34814,change,-1,Unassigned,Sante 6/8/26 - 6/14/26
1000859-1,change,-3,Unassigned,Sante 6/8/26 - 6/14/26
2491985-1,change,-1,Unassigned,Sante 6/8/26 - 6/14/26
2491341-1,change,-1,Unassigned,Sante 6/8/26 - 6/14/26
402394,change,-1,Unassigned,Sante 6/8/26 - 6/14/26
50960,change,-1,Unassigned,Sante 6/8/26 - 6/14/26
2502390-1,change,-6,Unassigned,Sante 6/8/26 - 6/14/26
50650,change,-6,Unassigned,Sante 6/8/26 - 6/14/26
655421,change,-1,Unassigned,Sante 6/8/26 - 6/14/26
39604,change,-2,Unassigned,Sante 6/8/26 - 6/14/26
281750,change,-1,Unassigned,Sante 6/8/26 - 6/14/26
92540,change,-1,Unassigned,Sante 6/8/26 - 6/14/26
3823040,change,-1,Unassigned,Sante 6/8/26 - 6/14/26
1026618-1,change,-1,Unassigned,Sante 6/8/26 - 6/14/26
2472077-1,change,-1,Unassigned,Sante 6/8/26 - 6/14/26
1005478-1,change,-2,Unassigned,Sante 6/8/26 - 6/14/26
560243,change,-1,Unassigned,Sante 6/8/26 - 6/14/26
2303699-1,change,-1,Unassigned,Sante 6/8/26 - 6/14/26
GAT-40-A-NV,change,-1,Unassigned,Sante 6/8/26 - 6/14/26
401629,change,-2,Unassigned,Sante 6/8/26 - 6/14/26
934640,change,-4,Unassigned,Sante 6/8/26 - 6/14/26
501461,change,-4,Unassigned,Sante 6/8/26 - 6/14/26
2127286-1,change,-1,Unassigned,Sante 6/8/26 - 6/14/26
418740,change,-1,Unassigned,Sante 6/8/26 - 6/14/26
236440,change,-1,Unassigned,Sante 6/8/26 - 6/14/26
1471529-1,change,-1,Unassigned,Sante 6/8/26 - 6/14/26
2152836-1,change,-1,Unassigned,Sante 6/8/26 - 6/14/26
1185193-1,change,-1,Unassigned,Sante 6/8/26 - 6/14/26
19193,change,-1,Unassigned,Sante 6/8/26 - 6/14/26
13790,change,-1,Unassigned,Sante 6/8/26 - 6/14/26
394080,change,-8,Unassigned,Sante 6/8/26 - 6/14/26
6291120,change,-1,Unassigned,Sante 6/8/26 - 6/14/26
194970,change,-5,Unassigned,Sante 6/8/26 - 6/14/26
1007026-1,change,-1,Unassigned,Sante 6/8/26 - 6/14/26
2410075-2,change,-1,Unassigned,Sante 6/8/26 - 6/14/26
466542,change,-2,Unassigned,Sante 6/8/26 - 6/14/26
2241837-2,change,-1,Unassigned,Sante 6/8/26 - 6/14/26
2488287-1,change,-3,Unassigned,Sante 6/8/26 - 6/14/26
1128942,change,-1,Unassigned,Sante 6/8/26 - 6/14/26
1047050-1,change,-1,Unassigned,Sante 6/8/26 - 6/14/26
437045,change,-1,Unassigned,Sante 6/8/26 - 6/14/26
05688,change,-3,Unassigned,Sante 6/8/26 - 6/14/26
CLAM16,change,-2,Unassigned,Sante 6/8/26 - 6/14/26
LV-ME-20,change,-1,Unassigned,Sante 6/8/26 - 6/14/26
21833,change,-1,Unassigned,Sante 6/8/26 - 6/14/26
2482066-1,change,-14,Unassigned,Sante 6/8/26 - 6/14/26
2419361-1,change,-1,Unassigned,Sante 6/8/26 - 6/14/26
1198348,change,-2,Unassigned,Sante 6/8/26 - 6/14/26
10045,change,-3,Unassigned,Sante 6/8/26 - 6/14/26
33500,change,-1,Unassigned,Sante 6/8/26 - 6/14/26
59583,change,-1,Unassigned,Sante 6/8/26 - 6/14/26
DC12,change,-2,Unassigned,Sante 6/8/26 - 6/14/26
00845,change,-3,Unassigned,Sante 6/8/26 - 6/14/26
139870,change,1,Unassigned,Sante 6/8/26 - 6/14/26
274750,change,-1,Unassigned,Sante 6/8/26 - 6/14/26
37911,change,-3,Unassigned,Sante 6/8/26 - 6/14/26
94821,change,-1,Unassigned,Sante 6/8/26 - 6/14/26
PM1600,change,-2,Unassigned,Sante 6/8/26 - 6/14/26
FR-KVM-01-NV,change,-1,Unassigned,Sante 6/8/26 - 6/14/26
2421392-1,change,-1,Unassigned,Sante 6/8/26 - 6/14/26
2434186-1,change,-6,Unassigned,Sante 6/8/26 - 6/14/26
26364,change,-1,Unassigned,Sante 6/8/26 - 6/14/26
2304039-3,change,-1,Unassigned,Sante 6/8/26 - 6/14/26
2157166-8,change,-1,Unassigned,Sante 6/8/26 - 6/14/26
1033548,change,-1,Unassigned,Sante 6/8/26 - 6/14/26
2494191-1,change,-1,Unassigned,Sante 6/8/26 - 6/14/26
6222142,change,-3,Unassigned,Sante 6/8/26 - 6/14/26
1039847-1,change,-3,Unassigned,Sante 6/8/26 - 6/14/26
1464086-1,change,-1,Unassigned,Sante 6/8/26 - 6/14/26
1084908-1,change,-1,Unassigned,Sante 6/8/26 - 6/14/26
1307940,change,-1,Unassigned,Sante 6/8/26 - 6/14/26
97041-21,change,-12,Unassigned,Sante 6/8/26 - 6/14/26
  ITDCSARV7521,change,-1,Unassigned,Sante 6/8/26 - 6/14/26
30203620,change,-2,Unassigned,Sante 6/8/26 - 6/14/26
164313,change,-1,Unassigned,Sante 6/8/26 - 6/14/26
60107,change,-1,Unassigned,Sante 6/8/26 - 6/14/26
2434186-2,change,-3,Unassigned,Sante 6/8/26 - 6/14/26
17445,change,-1,Unassigned,Sante 6/8/26 - 6/14/26
10225,change,-2,Unassigned,Sante 6/8/26 - 6/14/26
32840,change,-5,Unassigned,Sante 6/8/26 - 6/14/26
1437536-1,change,-2,Unassigned,Sante 6/8/26 - 6/14/26
1735344-1,change,-1,Unassigned,Sante 6/8/26 - 6/14/26
1785648-2,change,-1,Unassigned,Sante 6/8/26 - 6/14/26
1803237-1,change,-1,Unassigned,Sante 6/8/26 - 6/14/26
1031401-1,change,-1,Unassigned,Sante 6/8/26 - 6/14/26
860-301-500,change,-1,Unassigned,Sante 6/8/26 - 6/14/26
14747,change,-1,Unassigned,Sante 6/8/26 - 6/14/26
101902,change,-5,Unassigned,Sante 6/8/26 - 6/14/26
35491,change,-5,Unassigned,Sante 6/8/26 - 6/14/26
1706606-1,change,-1,Unassigned,Sante 6/8/26 - 6/14/26
1759517-1,change,-1,Unassigned,Sante 6/8/26 - 6/14/26
10121,change,-4,Unassigned,Sante 6/8/26 - 6/14/26
1009798-11,change,-2,Unassigned,Sante 6/8/26 - 6/14/26
2256963-1,change,-2,Unassigned,Sante 6/8/26 - 6/14/26
1015844,change,-1,Unassigned,Sante 6/8/26 - 6/14/26
23416,change,-2,Unassigned,Sante 6/8/26 - 6/14/26
1953408-1,change,-1,Unassigned,Sante 6/8/26 - 6/14/26
1302309-1,change,-2,Unassigned,Sante 6/8/26 - 6/14/26
531001721,change,-2,Unassigned,Sante 6/8/26 - 6/14/26
ITVEPE7524,change,-1,Unassigned,Sante 6/8/26 - 6/14/26
1808232-1,change,-1,Unassigned,Sante 6/8/26 - 6/14/26
12431,change,-1,Unassigned,Sante 6/8/26 - 6/14/26
02000,change,-1,Unassigned,Sante 6/8/26 - 6/14/26
74622,change,-3,Unassigned,Sante 6/8/26 - 6/14/26
10125-1,change,-1,Unassigned,Sante 6/8/26 - 6/14/26
1056597-1,change,-1,Unassigned,Sante 6/8/26 - 6/14/26
30117180,change,-3,Unassigned,Sante 6/8/26 - 6/14/26
60115,change,-5,Unassigned,Sante 6/8/26 - 6/14/26
17402,change,-3,Unassigned,Sante 6/8/26 - 6/14/26
5152942,change,-2,Unassigned,Sante 6/8/26 - 6/14/26
1003873-1,change,-4,Unassigned,Sante 6/8/26 - 6/14/26
1001513-1,change,-7,Unassigned,Sante 6/8/26 - 6/14/26
34032,change,-1,Unassigned,Sante 6/8/26 - 6/14/26
1053040-1,change,-1,Unassigned,Sante 6/8/26 - 6/14/26
1542235-1,change,-2,Unassigned,Sante 6/8/26 - 6/14/26
2452792-1,change,-1,Unassigned,Sante 6/8/26 - 6/14/26
4368840,change,-1,Unassigned,Sante 6/8/26 - 6/14/26
2503775-1,change,-1,Unassigned,Sante 6/8/26 - 6/14/26
6297224,change,-2,Unassigned,Sante 6/8/26 - 6/14/26
100910,change,-2,Unassigned,Sante 6/8/26 - 6/14/26
03504,change,-1,Unassigned,Sante 6/8/26 - 6/14/26
1683840,change,-1,Unassigned,Sante 6/8/26 - 6/14/26
00687,change,-2,Unassigned,Sante 6/8/26 - 6/14/26
2958840,change,-1,Unassigned,Sante 6/8/26 - 6/14/26
2302179-1,change,-1,Unassigned,Sante 6/8/26 - 6/14/26
1590780-1,change,-1,Unassigned,Sante 6/8/26 - 6/14/26
3850067,change,-4,Unassigned,Sante 6/8/26 - 6/14/26
1001909-1,change,-1,Unassigned,Sante 6/8/26 - 6/14/26
1043807-1,change,-2,Unassigned,Sante 6/8/26 - 6/14/26
1425342-1,change,-1,Unassigned,Sante 6/8/26 - 6/14/26
1030715-1,change,-4,Unassigned,Sante 6/8/26 - 6/14/26
59577,change,-2,Unassigned,Sante 6/8/26 - 6/14/26
12882,change,-1,Unassigned,Sante 6/8/26 - 6/14/26
CDGA32,change,-1,Unassigned,Sante 6/8/26 - 6/14/26
28868,change,-1,Unassigned,Sante 6/8/26 - 6/14/26
1003647-1,change,-1,Unassigned,Sante 6/8/26 - 6/14/26
3834240,change,-1,Unassigned,Sante 6/8/26 - 6/14/26
06557,change,-2,Unassigned,Sante 6/8/26 - 6/14/26
00286,change,-4,Unassigned,Sante 6/8/26 - 6/14/26
38534,change,-2,Unassigned,Sante 6/8/26 - 6/14/26
00655,change,-1,Unassigned,Sante 6/8/26 - 6/14/26
60300,change,-5,Unassigned,Sante 6/8/26 - 6/14/26
561240,change,-1,Unassigned,Sante 6/8/26 - 6/14/26
2379534-1,change,-1,Unassigned,Sante 6/8/26 - 6/14/26
4325052,change,-4,Unassigned,Sante 6/8/26 - 6/14/26
1051313-1,change,-1,Unassigned,Sante 6/8/26 - 6/14/26
2055377-1,change,-1,Unassigned,Sante 6/8/26 - 6/14/26
2476308-1,change,-1,Unassigned,Sante 6/8/26 - 6/14/26
2452435-1,change,-1,Unassigned,Sante 6/8/26 - 6/14/26
2494463-1,change,-4,Unassigned,Sante 6/8/26 - 6/14/26
611850,change,-2,Unassigned,Sante 6/8/26 - 6/14/26
2164903-1,change,-1,Unassigned,Sante 6/8/26 - 6/14/26
241267,change,-1,Unassigned,Sante 6/8/26 - 6/14/26
60127,change,-1,Unassigned,Sante 6/8/26 - 6/14/26
37724,change,-2,Unassigned,Sante 6/8/26 - 6/14/26
9472046,change,-3,Unassigned,Sante 6/8/26 - 6/14/26
410001,change,-1,Unassigned,Sante 6/8/26 - 6/14/26
2433090-1,change,-1,Unassigned,Sante 6/8/26 - 6/14/26
07298,change,-1,Unassigned,Sante 6/8/26 - 6/14/26
1003870-1,change,-2,Unassigned,Sante 6/8/26 - 6/14/26
1489972-1,change,-2,Unassigned,Sante 6/8/26 - 6/14/26
00102,change,-1,Unassigned,Sante 6/8/26 - 6/14/26
36148,change,-1,Unassigned,Sante 6/8/26 - 6/14/26
1041947-1,change,-1,Unassigned,Sante 6/8/26 - 6/14/26
1572043-1,change,-1,Unassigned,Sante 6/8/26 - 6/14/26
1850563-1,change,-1,Unassigned,Sante 6/8/26 - 6/14/26
41322834657367,change,-1,Unassigned,Sante 6/8/26 - 6/14/26
471540,change,-1,Unassigned,Sante 6/8/26 - 6/14/26
ROM-10-A-NV,change,-1,Unassigned,Sante 6/8/26 - 6/14/26
234000,change,-2,Unassigned,Sante 6/8/26 - 6/14/26
2499209-1,change,-2,Unassigned,Sante 6/8/26 - 6/14/26
00171,change,-2,Unassigned,Sante 6/8/26 - 6/14/26
22202,change,-1,Unassigned,Sante 6/8/26 - 6/14/26
30093,change,-3,Unassigned,Sante 6/8/26 - 6/14/26
CIEL23PGVE A0,change,-2,Unassigned,Sante 6/8/26 - 6/14/26
1053969-1,change,-1,Unassigned,Sante 6/8/26 - 6/14/26
1053970-1,change,-1,Unassigned,Sante 6/8/26 - 6/14/26
60620,change,-13,Unassigned,Sante 6/8/26 - 6/14/26
1031610-1,change,-1,Unassigned,Sante 6/8/26 - 6/14/26
10511,change,-1,Unassigned,Sante 6/8/26 - 6/14/26
100304,change,-1,Unassigned,Sante 6/8/26 - 6/14/26
1003736-1,change,-1,Unassigned,Sante 6/8/26 - 6/14/26
2423057-1,change,-1,Unassigned,Sante 6/8/26 - 6/14/26
37938,change,-2,Unassigned,Sante 6/8/26 - 6/14/26
1048945-1,change,-1,Unassigned,Sante 6/8/26 - 6/14/26
33590,change,-1,Unassigned,Sante 6/8/26 - 6/14/26
16068,change,-1,Unassigned,Sante 6/8/26 - 6/14/26
1001889-1,change,-1,Unassigned,Sante 6/8/26 - 6/14/26
4325048,change,-1,Unassigned,Sante 6/8/26 - 6/14/26
SP12,change,-5,Unassigned,Sante 6/8/26 - 6/14/26
454699,change,-2,Unassigned,Sante 6/8/26 - 6/14/26
1003083-1,change,-1,Unassigned,Sante 6/8/26 - 6/14/26
2065397-1,change,-1,Unassigned,Sante 6/8/26 - 6/14/26
409440,change,-1,Unassigned,Sante 6/8/26 - 6/14/26
771940,change,-1,Unassigned,Sante 6/8/26 - 6/14/26
8163140,change,-1,Unassigned,Sante 6/8/26 - 6/14/26
345183725,change,-3,Unassigned,Sante 6/8/26 - 6/14/26
143926,change,-1,Unassigned,Sante 6/8/26 - 6/14/26
Tvlarode,change,-2,Unassigned,Sante 6/8/26 - 6/14/26
877644,change,-4,Unassigned,Sante 6/8/26 - 6/14/26
1001143-1,change,-1,Unassigned,Sante 6/8/26 - 6/14/26
16641,change,-2,Unassigned,Sante 6/8/26 - 6/14/26
01146,change,-2,Unassigned,Sante 6/8/26 - 6/14/26
63067,change,-1,Unassigned,Sante 6/8/26 - 6/14/26
1029660-1,change,-1,Unassigned,Sante 6/8/26 - 6/14/26
1877576-1,change,-1,Unassigned,Sante 6/8/26 - 6/14/26
30834,change,-1,Unassigned,Sante 6/8/26 - 6/14/26
100687,change,-6,Unassigned,Sante 6/8/26 - 6/14/26
1000507-1,change,-1,Unassigned,Sante 6/8/26 - 6/14/26
4048544  ,change,-3,Unassigned,Sante 6/8/26 - 6/14/26
104908,change,-2,Unassigned,Sante 6/8/26 - 6/14/26
16173,change,-1,Unassigned,Sante 6/8/26 - 6/14/26
811-006-500,change,-3,Unassigned,Sante 6/8/26 - 6/14/26
16096,change,-7,Unassigned,Sante 6/8/26 - 6/14/26
649620,change,-1,Unassigned,Sante 6/8/26 - 6/14/26
1467572-1,change,-1,Unassigned,Sante 6/8/26 - 6/14/26
4541058,change,-1,Unassigned,Sante 6/8/26 - 6/14/26
1481559-1,change,-1,Unassigned,Sante 6/8/26 - 6/14/26
150066,change,-1,Unassigned,Sante 6/8/26 - 6/14/26
36155,change,-3,Unassigned,Sante 6/8/26 - 6/14/26
59569,change,-1,Unassigned,Sante 6/8/26 - 6/14/26
MRSMB750,change,-1,Unassigned,Sante 6/8/26 - 6/14/26
973567,change,-1,Unassigned,Sante 6/8/26 - 6/14/26
1001625-1,change,-1,Unassigned,Sante 6/8/26 - 6/14/26
10000995152423,change,-1,Unassigned,Sante 6/8/26 - 6/14/26
14975,change,-1,Unassigned,Sante 6/8/26 - 6/14/26
05684,change,-1,Unassigned,Sante 6/8/26 - 6/14/26
1015228-1,change,-3,Unassigned,Sante 6/8/26 - 6/14/26
02001,change,-2,Unassigned,Sante 6/8/26 - 6/14/26
143914,change,-1,Unassigned,Sante 6/8/26 - 6/14/26
4314043,change,-1,Unassigned,Sante 6/8/26 - 6/14/26
135,change,-2,Unassigned,Sante 6/8/26 - 6/14/26
4482044,change,-1,Unassigned,Sante 6/8/26 - 6/14/26
2018977-1,change,-1,Unassigned,Sante 6/8/26 - 6/14/26
860-030-500,change,-2,Unassigned,Sante 6/8/26 - 6/14/26
65900,change,-3,Unassigned,Sante 6/8/26 - 6/14/26
1842531-4,change,-1,Unassigned,Sante 6/8/26 - 6/14/26
DOLEP8,change,-4,Unassigned,Sante 6/8/26 - 6/14/26
JAMUNDGIN-12-750,change,-1,Unassigned,Sante 6/8/26 - 6/14/26
30320400,change,-1,Unassigned,Sante 6/8/26 - 6/14/26
110303,change,-2,Unassigned,Sante 6/8/26 - 6/14/26
L225-23,change,-1,Unassigned,Sante 6/8/26 - 6/14/26
686750,change,-1,Unassigned,Sante 6/8/26 - 6/14/26
13689087,change,-1,Unassigned,Sante 6/8/26 - 6/14/26
2082513-1,change,-1,Unassigned,Sante 6/8/26 - 6/14/26
1001206-1,change,-2,Unassigned,Sante 6/8/26 - 6/14/26
08303,change,-2,Unassigned,Sante 6/8/26 - 6/14/26
30330588,change,-1,Unassigned,Sante 6/8/26 - 6/14/26
2507658-1,change,-1,Unassigned,Sante 6/8/26 - 6/14/26
281540,change,-1,Unassigned,Sante 6/8/26 - 6/14/26
1971013-1,change,-1,Unassigned,Sante 6/8/26 - 6/14/26
5168043,change,-1,Unassigned,Sante 6/8/26 - 6/14/26
5590641,change,-1,Unassigned,Sante 6/8/26 - 6/14/26
1001464-1,change,-1,Unassigned,Sante 6/8/26 - 6/14/26
13603,change,-2,Unassigned,Sante 6/8/26 - 6/14/26
2316083-1,change,-2,Unassigned,Sante 6/8/26 - 6/14/26
905080,change,-1,Unassigned,Sante 6/8/26 - 6/14/26
2341204-1,change,-1,Unassigned,Sante 6/8/26 - 6/14/26
1114440,change,-1,Unassigned,Sante 6/8/26 - 6/14/26
2309798-5,change,-1,Unassigned,Sante 6/8/26 - 6/14/26
2404152-1,change,-2,Unassigned,Sante 6/8/26 - 6/14/26
33247,change,-2,Unassigned,Sante 6/8/26 - 6/14/26
10439,change,-1,Unassigned,Sante 6/8/26 - 6/14/26
1009478-1,change,-1,Unassigned,Sante 6/8/26 - 6/14/26
J62125,change,-1,Unassigned,Sante 6/8/26 - 6/14/26
30321075,change,-1,Unassigned,Sante 6/8/26 - 6/14/26
38441,change,-2,Unassigned,Sante 6/8/26 - 6/14/26
13449,change,-2,Unassigned,Sante 6/8/26 - 6/14/26
18404,change,-1,Unassigned,Sante 6/8/26 - 6/14/26
530005,change,-3,Unassigned,Sante 6/8/26 - 6/14/26
50655,change,-3,Unassigned,Sante 6/8/26 - 6/14/26
1999569-1,change,-1,Unassigned,Sante 6/8/26 - 6/14/26
1004237-1,change,-2,Unassigned,Sante 6/8/26 - 6/14/26
74704,change,-1,Unassigned,Sante 6/8/26 - 6/14/26
219470,change,-1,Unassigned,Sante 6/8/26 - 6/14/26
2453532-1,change,-2,Unassigned,Sante 6/8/26 - 6/14/26
97170-20,change,-1,Unassigned,Sante 6/8/26 - 6/14/26
97044-18,change,-1,Unassigned,Sante 6/8/26 - 6/14/26
1000843-1,change,-1,Unassigned,Sante 6/8/26 - 6/14/26
2121661-1,change,-1,Unassigned,Sante 6/8/26 - 6/14/26
09003,change,-1,Unassigned,Sante 6/8/26 - 6/14/26
2072543,change,-2,Unassigned,Sante 6/8/26 - 6/14/26
22695,change,-1,Unassigned,Sante 6/8/26 - 6/14/26
1015229-1,change,-2,Unassigned,Sante 6/8/26 - 6/14/26
1519807-1,change,-2,Unassigned,Sante 6/8/26 - 6/14/26
2488328-1,change,-1,Unassigned,Sante 6/8/26 - 6/14/26
63826,change,-1,Unassigned,Sante 6/8/26 - 6/14/26
1017519-1,change,-2,Unassigned,Sante 6/8/26 - 6/14/26
2471949-1,change,-2,Unassigned,Sante 6/8/26 - 6/14/26
14945,change,-2,Unassigned,Sante 6/8/26 - 6/14/26
00694,change,-1,Unassigned,Sante 6/8/26 - 6/14/26
00525,change,-3,Unassigned,Sante 6/8/26 - 6/14/26
2504961-1,change,-2,Unassigned,Sante 6/8/26 - 6/14/26
4358042,change,-1,Unassigned,Sante 6/8/26 - 6/14/26
TOP 2$$,change,-1,Unassigned,Sante 6/8/26 - 6/14/26
34266,change,-1,Unassigned,Sante 6/8/26 - 6/14/26
1028686-2,change,-2,Unassigned,Sante 6/8/26 - 6/14/26
30329678,change,-1,Unassigned,Sante 6/8/26 - 6/14/26
1839228-1,change,-1,Unassigned,Sante 6/8/26 - 6/14/26
60622,change,-1,Unassigned,Sante 6/8/26 - 6/14/26
1003254-1,change,-1,Unassigned,Sante 6/8/26 - 6/14/26
1004409-1,change,-4,Unassigned,Sante 6/8/26 - 6/14/26
1002347-1,change,-1,Unassigned,Sante 6/8/26 - 6/14/26
6291420,change,-1,Unassigned,Sante 6/8/26 - 6/14/26
1662337-1,change,-1,Unassigned,Sante 6/8/26 - 6/14/26
57009,change,-1,Unassigned,Sante 6/8/26 - 6/14/26
54262,change,-1,Unassigned,Sante 6/8/26 - 6/14/26
4077140,change,-1,Unassigned,Sante 6/8/26 - 6/14/26
PA4089-2021,change,-1,Unassigned,Sante 6/8/26 - 6/14/26
10512,change,-1,Unassigned,Sante 6/8/26 - 6/14/26
30334041,change,-1,Unassigned,Sante 6/8/26 - 6/14/26
30320399,change,-1,Unassigned,Sante 6/8/26 - 6/14/26
31408,change,-2,Unassigned,Sante 6/8/26 - 6/14/26
1695915-1,change,-1,Unassigned,Sante 6/8/26 - 6/14/26
101799,change,-1,Unassigned,Sante 6/8/26 - 6/14/26
29704,change,-1,Unassigned,Sante 6/8/26 - 6/14/26
430540,change,-1,Unassigned,Sante 6/8/26 - 6/14/26
429640,change,-1,Unassigned,Sante 6/8/26 - 6/14/26
1002248-1,change,-1,Unassigned,Sante 6/8/26 - 6/14/26
1654209-1,change,-1,Unassigned,Sante 6/8/26 - 6/14/26
110104,change,-3,Unassigned,Sante 6/8/26 - 6/14/26
1039846-1,change,-2,Unassigned,Sante 6/8/26 - 6/14/26
116720,change,-2,Unassigned,Sante 6/8/26 - 6/14/26
5147244,change,-1,Unassigned,Sante 6/8/26 - 6/14/26
1001245-1,change,-2,Unassigned,Sante 6/8/26 - 6/14/26
05699,change,-8,Unassigned,Sante 6/8/26 - 6/14/26
1654845-1,change,-1,Unassigned,Sante 6/8/26 - 6/14/26
2484096-1,change,-1,Unassigned,Sante 6/8/26 - 6/14/26
2463918-1,change,-1,Unassigned,Sante 6/8/26 - 6/14/26
2113368-1,change,-2,Unassigned,Sante 6/8/26 - 6/14/26
2331108-13,change,-1,Unassigned,Sante 6/8/26 - 6/14/26
2385623-2,change,-1,Unassigned,Sante 6/8/26 - 6/14/26
AR-ALH-01-22H,change,-1,Unassigned,Sante 6/8/26 - 6/14/26
811-005-500,change,-10,Unassigned,Sante 6/8/26 - 6/14/26
23894,change,-2,Unassigned,Sante 6/8/26 - 6/14/26
2210,change,-1,Unassigned,Sante 6/8/26 - 6/14/26
1209825-1,change,-1,Unassigned,Sante 6/8/26 - 6/14/26
425960,change,-1,Unassigned,Sante 6/8/26 - 6/14/26
45020,change,-1,Unassigned,Sante 6/8/26 - 6/14/26
1044611-1,change,-1,Unassigned,Sante 6/8/26 - 6/14/26
2086960-1,change,-2,Unassigned,Sante 6/8/26 - 6/14/26
LOCANVTQBL A0,change,-1,Unassigned,Sante 6/8/26 - 6/14/26
LIS20B001,change,-1,Unassigned,Sante 6/8/26 - 6/14/26
2486954-1,change,-1,Unassigned,Sante 6/8/26 - 6/14/26
 102088,change,-3,Unassigned,Sante 6/8/26 - 6/14/26
2433612-1,change,-1,Unassigned,Sante 6/8/26 - 6/14/26
2417700-1,change,-1,Unassigned,Sante 6/8/26 - 6/14/26
75419,change,-2,Unassigned,Sante 6/8/26 - 6/14/26
CGC1278-19,change,-1,Unassigned,Sante 6/8/26 - 6/14/26
30337647,change,-1,Unassigned,Sante 6/8/26 - 6/14/26
167200,change,-2,Unassigned,Sante 6/8/26 - 6/14/26
129276,change,-1,Unassigned,Sante 6/8/26 - 6/14/26
37002724,change,-1,Unassigned,Sante 6/8/26 - 6/14/26
3823052,change,-1,Unassigned,Sante 6/8/26 - 6/14/26
30333354,change,-2,Unassigned,Sante 6/8/26 - 6/14/26
1013377-1,change,-1,Unassigned,Sante 6/8/26 - 6/14/26
1000560-1,change,-1,Unassigned,Sante 6/8/26 - 6/14/26
5311240-1,change,-1,Unassigned,Sante 6/8/26 - 6/14/26
2498872-1,change,-1,Unassigned,Sante 6/8/26 - 6/14/26
832040,change,-1,Unassigned,Sante 6/8/26 - 6/14/26
2478184-1,change,-1,Unassigned,Sante 6/8/26 - 6/14/26
05655,change,-1,Unassigned,Sante 6/8/26 - 6/14/26
1002284-1,change,-1,Unassigned,Sante 6/8/26 - 6/14/26
2480795-1,change,-1,Unassigned,Sante 6/8/26 - 6/14/26
1503404-1,change,-1,Unassigned,Sante 6/8/26 - 6/14/26
7530148,change,-1,Unassigned,Sante 6/8/26 - 6/14/26
1007742-1,change,-2,Unassigned,Sante 6/8/26 - 6/14/26
2244578-2,change,-1,Unassigned,Sante 6/8/26 - 6/14/26
1018730-1,change,-1,Unassigned,Sante 6/8/26 - 6/14/26
23233,change,-1,Unassigned,Sante 6/8/26 - 6/14/26
22548,change,-1,Unassigned,Sante 6/8/26 - 6/14/26
7222247,change,-1,Unassigned,Sante 6/8/26 - 6/14/26
1021020,change,-1,Unassigned,Sante 6/8/26 - 6/14/26
2018978-1,change,-1,Unassigned,Sante 6/8/26 - 6/14/26
L197-24,change,-1,Unassigned,Sante 6/8/26 - 6/14/26
2357990-1,change,-1,Unassigned,Sante 6/8/26 - 6/14/26
PortaErbe01,change,-4,Unassigned,Sante 6/8/26 - 6/14/26
118510,change,-1,Unassigned,Sante 6/8/26 - 6/14/26
1197748,change,-1,Unassigned,Sante 6/8/26 - 6/14/26
757001724,change,-3,Unassigned,Sante 6/8/26 - 6/14/26
8160043,change,-1,Unassigned,Sante 6/8/26 - 6/14/26
NFVD23CSNV A0,change,-1,Unassigned,Sante 6/8/26 - 6/14/26
767787953768,change,-1,Unassigned,Sante 6/8/26 - 6/14/26
186059,change,-2,Unassigned,Sante 6/8/26 - 6/14/26
479940,change,-1,Unassigned,Sante 6/8/26 - 6/14/26
201950,change,-1,Unassigned,Sante 6/8/26 - 6/14/26
2506911-1,change,-1,Unassigned,Sante 6/8/26 - 6/14/26
2153014-1,change,-1,Unassigned,Sante 6/8/26 - 6/14/26
14980,change,-4,Unassigned,Sante 6/8/26 - 6/14/26
ITTDAG7521,change,-1,Unassigned,Sante 6/8/26 - 6/14/26
2484938-1,change,-1,Unassigned,Sante 6/8/26 - 6/14/26
 5162041,change,-1,Unassigned,Sante 6/8/26 - 6/14/26
24893,change,-4,Unassigned,Sante 6/8/26 - 6/14/26
39653,change,-1,Unassigned,Sante 6/8/26 - 6/14/26
1456651-2,change,-1,Unassigned,Sante 6/8/26 - 6/14/26
110167,change,-1,Unassigned,Sante 6/8/26 - 6/14/26
3817220,change,-1,Unassigned,Sante 6/8/26 - 6/14/26
1001426-1,change,-2,Unassigned,Sante 6/8/26 - 6/14/26
7531046,change,-2,Unassigned,Sante 6/8/26 - 6/14/26
100544,change,-1,Unassigned,Sante 6/8/26 - 6/14/26
3806048,change,-1,Unassigned,Sante 6/8/26 - 6/14/26
1944057-4,change,-1,Unassigned,Sante 6/8/26 - 6/14/26
213040,change,-1,Unassigned,Sante 6/8/26 - 6/14/26
2450716-1,change,-1,Unassigned,Sante 6/8/26 - 6/14/26
2502014-1,change,-1,Unassigned,Sante 6/8/26 - 6/14/26
34468,change,-1,Unassigned,Sante 6/8/26 - 6/14/26
16701,change,-1,Unassigned,Sante 6/8/26 - 6/14/26
2465780-1,change,-1,Unassigned,Sante 6/8/26 - 6/14/26
38640,change,-2,Unassigned,Sante 6/8/26 - 6/14/26
6291140,change,-2,Unassigned,Sante 6/8/26 - 6/14/26
RGXXXWHS-6-1750,change,-1,Unassigned,Sante 6/8/26 - 6/14/26
2731240,change,-1,Unassigned,Sante 6/8/26 - 6/14/26
1000458-1,change,-1,Unassigned,Sante 6/8/26 - 6/14/26
60380,change,-1,Unassigned,Sante 6/8/26 - 6/14/26
1480080-1,change,-1,Unassigned,Sante 6/8/26 - 6/14/26
30333695,change,-2,Unassigned,Sante 6/8/26 - 6/14/26
1652141-3,change,-2,Unassigned,Sante 6/8/26 - 6/14/26
74604,change,-1,Unassigned,Sante 6/8/26 - 6/14/26
082184000359,change,-7,Unassigned,Sante 6/8/26 - 6/14/26
1016219-1,change,-2,Unassigned,Sante 6/8/26 - 6/14/26
1415582-1,change,-1,Unassigned,Sante 6/8/26 - 6/14/26
42450,change,-1,Unassigned,Sante 6/8/26 - 6/14/26
178050,change,-1,Unassigned,Sante 6/8/26 - 6/14/26
1129742,change,-1,Unassigned,Sante 6/8/26 - 6/14/26
558220,change,-1,Unassigned,Sante 6/8/26 - 6/14/26
1003160-1,change,-1,Unassigned,Sante 6/8/26 - 6/14/26
1234567-33,change,-1,Unassigned,Sante 6/8/26 - 6/14/26
10172,change,-1,Unassigned,Sante 6/8/26 - 6/14/26
27589,change,-1,Unassigned,Sante 6/8/26 - 6/14/26
1879527-1,change,-1,Unassigned,Sante 6/8/26 - 6/14/26
101124,change,-1,Unassigned,Sante 6/8/26 - 6/14/26
1345695-1,change,-1,Unassigned,Sante 6/8/26 - 6/14/26
655620,change,-1,Unassigned,Sante 6/8/26 - 6/14/26
TRM20A001,change,-1,Unassigned,Sante 6/8/26 - 6/14/26
1528804-1,change,-1,Unassigned,Sante 6/8/26 - 6/14/26
2497791-1,change,-1,Unassigned,Sante 6/8/26 - 6/14/26
33159,change,-1,Unassigned,Sante 6/8/26 - 6/14/26
2468679-1,change,-1,Unassigned,Sante 6/8/26 - 6/14/26
14058-19,change,-1,Unassigned,Sante 6/8/26 - 6/14/26
2224381-1,change,-3,Unassigned,Sante 6/8/26 - 6/14/26
4307340,change,-2,Unassigned,Sante 6/8/26 - 6/14/26
61337,change,-1,Unassigned,Sante 6/8/26 - 6/14/26
2473947-1,change,-4,Unassigned,Sante 6/8/26 - 6/14/26
6786248,change,-2,Unassigned,Sante 6/8/26 - 6/14/26
9479145,change,-1,Unassigned,Sante 6/8/26 - 6/14/26
ITPRBATO7521,change,-3,Unassigned,Sante 6/8/26 - 6/14/26
30331767,change,-1,Unassigned,Sante 6/8/26 - 6/14/26
EN12620,change,-2,Unassigned,Sante 6/8/26 - 6/14/26
6298320,change,-1,Unassigned,Sante 6/8/26 - 6/14/26
1529381-1,change,-1,Unassigned,Sante 6/8/26 - 6/14/26
1004212-1,change,-1,Unassigned,Sante 6/8/26 - 6/14/26
35792,change,-1,Unassigned,Sante 6/8/26 - 6/14/26
74753,change,-1,Unassigned,Sante 6/8/26 - 6/14/26
811-017-355,change,-1,Unassigned,Sante 6/8/26 - 6/14/26
38940,change,-3,Unassigned,Sante 6/8/26 - 6/14/26
90585-1,change,-1,Unassigned,Sante 6/8/26 - 6/14/26
1560735-1,change,-1,Unassigned,Sante 6/8/26 - 6/14/26
4403744,change,-1,Unassigned,Sante 6/8/26 - 6/14/26
1593518-5,change,-1,Unassigned,Sante 6/8/26 - 6/14/26
212032725,change,-1,Unassigned,Sante 6/8/26 - 6/14/26
811-030-550,change,-1,Unassigned,Sante 6/8/26 - 6/14/26
811-018-550,change,-1,Unassigned,Sante 6/8/26 - 6/14/26
2481152-2,change,-2,Unassigned,Sante 6/8/26 - 6/14/26
2508251-2,change,-1,Unassigned,Sante 6/8/26 - 6/14/26
1003077-1,change,-1,Unassigned,Sante 6/8/26 - 6/14/26
100446,change,-1,Unassigned,Sante 6/8/26 - 6/14/26
33035,change,-8,Unassigned,Sante 6/8/26 - 6/14/26
168696,change,-1,Unassigned,Sante 6/8/26 - 6/14/26
NWIS22RIKAMA0,change,-1,Unassigned,Sante 6/8/26 - 6/14/26
2100355-1,change,-5,Unassigned,Sante 6/8/26 - 6/14/26
2010860-1,change,-2,Unassigned,Sante 6/8/26 - 6/14/26
9830860,change,-3,Unassigned,Sante 6/8/26 - 6/14/26
2219362-1,change,-2,Unassigned,Sante 6/8/26 - 6/14/26
1693578-1,change,-6,Unassigned,Sante 6/8/26 - 6/14/26
07138,change,-1,Unassigned,Sante 6/8/26 - 6/14/26
Tvstmarie,change,-1,Unassigned,Sante 6/8/26 - 6/14/26
2094563-1,change,-1,Unassigned,Sante 6/8/26 - 6/14/26
1499215-1,change,-3,Unassigned,Sante 6/8/26 - 6/14/26
500002720,change,-1,Unassigned,Sante 6/8/26 - 6/14/26
3811240,change,-1,Unassigned,Sante 6/8/26 - 6/14/26
1381687-1,change,-1,Unassigned,Sante 6/8/26 - 6/14/26
1175269-1,change,-1,Unassigned,Sante 6/8/26 - 6/14/26
1016067-1,change,-1,Unassigned,Sante 6/8/26 - 6/14/26
4046542,change,-1,Unassigned,Sante 6/8/26 - 6/14/26
23453,change,-1,Unassigned,Sante 6/8/26 - 6/14/26
USMCGNMF7522,change,-1,Unassigned,Sante 6/8/26 - 6/14/26
USJDBC7518,change,-1,Unassigned,Sante 6/8/26 - 6/14/26
133266,change,-1,Unassigned,Sante 6/8/26 - 6/14/26
ITCLROSST7523,change,-1,Unassigned,Sante 6/8/26 - 6/14/26
4309544,change,-1,Unassigned,Sante 6/8/26 - 6/14/26
1794872-1,change,-1,Unassigned,Sante 6/8/26 - 6/14/26
30339512,change,-1,Unassigned,Sante 6/8/26 - 6/14/26
2410608-1,change,-1,Unassigned,Sante 6/8/26 - 6/14/26
2492682-1,change,-1,Unassigned,Sante 6/8/26 - 6/14/26
105203,change,-1,Unassigned,Sante 6/8/26 - 6/14/26
 4369346,change,-1,Unassigned,Sante 6/8/26 - 6/14/26
54291,change,-1,Unassigned,Sante 6/8/26 - 6/14/26
34053,change,-1,Unassigned,Sante 6/8/26 - 6/14/26
183000,change,-1,Unassigned,Sante 6/8/26 - 6/14/26
1003079-1,change,-1,Unassigned,Sante 6/8/26 - 6/14/26
1653043-1,change,-1,Unassigned,Sante 6/8/26 - 6/14/26
1000864-1,change,-1,Unassigned,Sante 6/8/26 - 6/14/26
18040,change,-1,Unassigned,Sante 6/8/26 - 6/14/26
1187367-1,change,-1,Unassigned,Sante 6/8/26 - 6/14/26
2422129-1,change,-2,Unassigned,Sante 6/8/26 - 6/14/26
1444423-1,change,-1,Unassigned,Sante 6/8/26 - 6/14/26
653540,change,-1,Unassigned,Sante 6/8/26 - 6/14/26
1000634-1,change,-1,Unassigned,Sante 6/8/26 - 6/14/26
2502141-1,change,-1,Unassigned,Sante 6/8/26 - 6/14/26
2256959-1,change,-1,Unassigned,Sante 6/8/26 - 6/14/26
2256960-1,change,-3,Unassigned,Sante 6/8/26 - 6/14/26
JATLFEVK-06-700,change,-1,Unassigned,Sante 6/8/26 - 6/14/26
186705,change,-1,Unassigned,Sante 6/8/26 - 6/14/26
2406146-2,change,-1,Unassigned,Sante 6/8/26 - 6/14/26
37738,change,-1,Unassigned,Sante 6/8/26 - 6/14/26
139342,change,-1,Unassigned,Sante 6/8/26 - 6/14/26
2369024-1,change,-1,Unassigned,Sante 6/8/26 - 6/14/26